Название,Страна,Жанр,Год выпуска,Возрастное ограничение,Продолжительность,Рейтинг
"На солнце, вдоль рядов кукурузы",Россия,Драмы,2023,6,89,8.4
Беспринципные в деревне,Россия,Комедии,2023,18,86,7.2
Нюрнберг,Россия,Драмы,2023,12,124,8.1
Моё прекрасное несчастье,США,Комедии,2023,18,91,7.7
Взломщик,США,Криминал,2023,18,91,6.5
Любовь-морковь: Восстание машин,Россия,Комедии,2023,16,94,7.2
Эскортница,Россия,Драмы,2023,18,90,6.3
Призрачный дом,Южная Корея,Ужасы,2021,18,101,6.0
Ложная память,Италия,Фантастика,2022,18,102,5.9
Операция «Фортуна»: Искусство побеждать,США,Боевики,2023,18,113,8.0
Праведник,Россия,Военные,2023,12,162,8.6
Сокровища партизанского леса,Россия,Приключения,2023,12,98,7.8
Аве Мария,США,Боевики,2021,18,93,6.3
Моя пиратская свадьба,США,Комедии,2022,18,100,7.4
Непослушная,Россия,Мелодрамы,2023,18,107,6.9
Горизонт в огне,Франция,Драмы,2022,18,134,8.1
Свободные отношения,Россия,Мелодрамы,2023,16,103,7.8
Рыцарь теней,Китай,Фэнтези,2019,6,104,7.8
При чём тут любовь?,Великобритания,Мелодрамы,2022,18,104,8.2
Профиль,США,Триллеры,2018,18,106,7.9
Здоровый человек,Россия,Драмы,2023,16,101,7.8
Мой любимый призрак,Германия,Фэнтези,2022,6,88,7.5
Девятаев,Россия,Военные,2021,12,105,8.3
Чёрная метка,США,Боевики,2022,16,94,6.3
Крушение,США,Боевики,2023,16,102,8.0
13 минут,Канада,Боевики,2021,18,104,6.5
Вакцина от коррупции (на казахском языке с русскими субтитрами),Казахстан,Комедии,2023,16,77,7.7
Стражи времени,США,Фэнтези,2022,6,99,6.7
Папы против мам,Россия,Комедии,2023,12,94,7.4
1+1,Франция,Драмы,2011,16,112,9.0
Бюро магических услуг,Австралия,Фэнтези,2023,12,115,6.8
Бурные воды,США,Триллеры,2019,18,93,5.0
В августе 44-го,Россия,Военные,2001,16,105,8.4
Дневники убийцы,Италия,Триллеры,2021,16,97,6.1
Человек-Паук: Возвращение домой,США,Фантастика,2017,16,133,8.3
Путешественница во времени,Франция,Драмы,2022,16,120,7.7
Волк с Уолл-стрит,США,Драмы,2013,18,179,8.2
Призрачный патруль,США,Фэнтези,2013,12,96,8.0
Война миров: Вторжение,Великобритания,Фантастика,2023,12,83,4.7
Битва за Севастополь,Россия,Военные,2015,12,117,8.3
Подольские курсанты,Россия,Военные,2020,12,136,8.8
Чекаго,Россия,Драмы,2023,18,90,7.1
Джон Уик 3,США,Боевики,2019,16,125,7.8
Солдатик,Россия,Драмы,2019,6,86,8.6
Веном,США,Фантастика,2018,16,112,8.3
Ламборгини: Человек-легенда,США,Биография,2022,18,96,7.8
Последний богатырь: Посланник Тьмы,Россия,Фэнтези,2021,6,107,8.4
Сын,Великобритания,Драмы,2022,18,117,7.4
Джуманджи: Новый уровень,США,Фэнтези,2019,12,118,8.3
Мегалодон: Возрождение,США,Боевики,2021,16,83,4.6
Притворись моей женой,США,Мелодрамы,2011,12,111,8.5
Падение Луны,США,Фантастика,2022,12,130,7.1
Пятьдесят оттенков серого,США,Мелодрамы,2015,18,125,7.4
Дети кукурузы,США,Ужасы,2020,18,92,5.2
Дорога на Берлин,Россия,Военные,2015,12,82,7.4
Телохранитель киллера,США,Боевики,2017,16,113,8.3
Моя ужасная сестра,Россия,Комедии,2022,6,74,7.9
Т-34,Россия,Военные,2019,12,139,8.5
Форсаж 8,США,Боевики,2017,12,135,8.3
На краю,Великобритания,Триллеры,2022,18,82,7.0
Сталинград,Россия,Военные,2013,12,130,8.0
Турист,США,Боевики,2010,16,103,8.1
Ещё одна настоящая любовь,США,Драмы,2023,16,95,7.6
Мир Юрского периода,США,Фантастика,2015,12,124,8.5
Последняя охота,США,Вестерн,2022,16,99,5.6
Война невест,США,Мелодрамы,2009,16,85,8.3
Человек-Паук: Вдали от дома,США,Фантастика,2019,16,124,8.6
Калашников,Россия,Биография,2020,12,104,8.8
Джуманджи: Зов джунглей,США,Комедии,2017,16,114,8.3
Развод по-американски,США,Драмы,2006,12,106,7.3
Сезон акул,США,Ужасы,2020,16,87,4.9
"Истории, которые нельзя рассказывать",Испания,Комедии,2022,18,75,7.0
Хоббит: Нежданное путешествие,США,Фэнтези,2012,6,162,8.8
После,США,Мелодрамы,2019,16,100,7.8
Заклятие Абизу,США,Ужасы,2022,18,92,6.1
О чём говорят мужчины. Простые удовольствия,Россия,Комедии,2023,16,89,7.7
Невидимый гость,Испания,Триллеры,2016,16,106,8.6
"Человек, который нарисовал Бога",Италия,Драмы,2022,16,110,8.0
Одиноки вместе,США,Драмы,2022,16,100,6.8
Мистер и миссис Смит,США,Боевики,2005,16,119,8.5
Зомби: Из Пусана в Гангнам,Южная Корея,Ужасы,2023,16,77,4.6
Тюрьма 77,Испания,Триллеры,2022,18,120,7.8
Мира,Россия,Катастрофы,2022,12,110,8.3
Холоп,Россия,Комедии,2019,12,104,8.5
Двойная петля,США,Военные,2022,16,138,7.4
До встречи с тобой,Великобритания,Драмы,2016,16,110,8.7
Офицеры (цветная версия),СССР,Советские,1971,6,95,9.0
Лето 1941 года,Казахстан,Военные,2022,16,112,7.9
Джон Уик 2,США,Боевики,2017,16,117,8.0
Варкрафт,США,Фэнтези,2016,16,122,8.3
Третий лишний,США,Комедии,2012,18,105,7.9
Одна,Россия,Драмы,2022,12,102,8.5
А зори здесь тихие...,Россия,Драмы,2015,12,111,8.2
Робин Гуд: Начало,США,Приключения,2018,16,111,7.1
Мумия,США,Фэнтези,1999,12,124,8.3
Гангстер,США,Триллеры,2007,18,156,8.3
Сапожник,США,Фэнтези,2014,12,93,7.7
Майор Пэйн,США,Комедии,1995,16,96,8.5
Ван Хельсинг,США,Фэнтези,2004,12,131,8.4
Люси,США,Боевики,2014,18,89,8.1
Бойцовский клуб,США,Триллеры,1999,18,133,8.6
Человек-Паук,США,Фантастика,2002,12,121,8.3
Седьмой сын,США,Фэнтези,2014,16,101,7.7
Последний сын,США,Триллеры,2021,18,97,5.7
Черный ящик,Франция,Детективы,2021,16,129,8.2
Ужасающий 2,США,Ужасы,2022,18,138,5.5
Спящие,США,Драмы,1996,16,146,8.3
Любовь,Франция,Драмы,2015,18,129,4.8
Элвин и бурундуки,США,Комедии,2007,0,87,8.2
Понаехали,Россия,Комедии,2019,12,80,5.7
Опасная игра,Италия,Мелодрамы,2022,18,90,6.0
Последний охотник на ведьм,США,Фэнтези,2015,16,102,7.8
Век Адалин,США,Драмы,2015,16,108,8.7
Обливион,США,Фантастика,2013,12,125,8.2
Экстрасенсы,США,Триллеры,2015,18,96,8.2
Робин Гуд,США,Боевики,2010,12,140,8.2
Ограбление на лайнере,Германия,Комедии,2021,16,105,7.1
Лулу и Бриггс,США,Комедии,2022,12,100,8.3
"Знакомьтесь, Джо Блэк",США,Мистические,1998,16,180,8.7
Достать ножи,США,Детективы,2019,16,124,8.6
Последний богатырь,Россия,Фэнтези,2017,12,113,8.4
Валериан и город тысячи планет,Франция,Фантастика,2017,16,136,8.2
Люди в черном,США,Фантастика,1997,12,97,8.5
Мумия возвращается,США,Фэнтези,2001,12,129,8.1
Смертельная ловушка,Италия,Триллеры,2022,16,106,5.1
Летчик,Россия,Драмы,2021,12,101,8.5
После. Долго и счастливо,США,Мелодрамы,2022,16,91,7.1
Огонь,Россия,Катастрофы,2020,6,131,8.8
Царство красоты,Канада,Драмы,2014,18,97,5.1
Пара из будущего,Россия,Комедии,2021,16,100,8.0
Пиксели,США,Фантастика,2015,12,105,8.1
Великий уравнитель,США,Боевики,2014,18,131,8.3
Красотки в бегах,США,Комедии,2015,16,87,7.5
Черепашки-ниндзя,США,Боевики,2014,16,97,8.3
Как отделаться от парня за 10 дней,США,Мелодрамы,2003,12,110,8.3
Смертельная охота,США,Драмы,2022,18,95,3.6
Эверест,Великобритания,Триллеры,2015,16,121,8.2
Последний богатырь: Корень зла,Россия,Приключения,2021,6,121,8.2
Батя,Россия,Комедии,2021,16,76,8.2
Новый Человек-Паук,США,Фантастика,2012,12,136,8.3
Реинкарнация: Сбой системы,США,Фантастика,2022,16,94,4.0
Отель «Белград»,Россия,Комедии,2020,12,105,8.0
Великий уравнитель 2,США,Боевики,2018,18,116,8.3
Покерфейс,США,Боевики,2022,18,94,7.6
Зеленая книга,США,Комедии,2018,18,124,9.1
28 панфиловцев,Россия,Военные,2016,12,120,8.3
Телохранитель жены киллера,США,Боевики,2021,18,116,7.8
"Ешь, молись, люби",США,Драмы,2010,16,140,8.4
После. Глава 3,США,Мелодрамы,2021,18,94,6.9
Человек-паук 3: Враг в отражении,США,Фантастика,2007,12,139,8.3
Сволочи,Россия,Драмы,2006,16,97,8.6
Хоббит: Пустошь Смауга,США,Фэнтези,2013,12,154,8.6
Сделано в Америке,США,Криминал,2017,18,113,8.2
Домовой,Россия,Семейные,2019,6,103,8.7
Большой,Россия,Драмы,2017,12,126,8.1
Новый Человек-Паук: Высокое напряжение,США,Фантастика,2014,12,135,8.4
Битва шефов,Испания,Комедии,2022,18,88,8.2
Рыцарь дня,США,Боевики,2010,12,105,8.3
Свободное падение,США,Ужасы,2021,18,82,5.4
Морской бой,США,Фантастика,2012,12,131,8.0
Блондинка в законе,США,Комедии,2001,12,95,8.4
За бортом,США,Комедии,2018,16,112,7.7
Элвин и бурундуки 3,США,Комедии,2011,0,84,8.1
Ржев,Россия,Военные,2019,12,112,8.1
После. Глава 2,США,Мелодрамы,2020,16,100,7.5
Зоя,Россия,Военные,2021,12,98,7.9
Отпетые мошенницы,США,Комедии,2019,16,89,7.6
Тропа смерти,США,Ужасы,2022,18,78,3.6
Боги Египта,США,Фэнтези,2016,16,126,8.0
Дивергент,США,Фантастика,2014,12,133,8.1
Элвин и бурундуки 2,США,Комедии,2009,6,85,8.3
Смерть на Ниле,США,Детективы,2022,16,121,8.1
Последний отпуск,США,Комедии,2006,12,106,8.5
Джанго освобожденный,США,Драмы,2012,16,165,8.8
Война миров Z,США,Ужасы,2013,16,111,8.2
Люди в черном: Интернэшнл,США,Фантастика,2019,16,110,7.8
Дикие кошки,Франция,Документальные,2021,6,81,8.0
Как украсть небоскреб,США,Боевики,2011,18,104,8.0
Подстава,США,Боевики,2021,18,93,6.1
Девчата,СССР,Советские,1962,12,95,8.8
Голодные игры,США,Фантастика,2012,16,136,8.1
Охота на ведьм,США,Ужасы,2022,18,92,5.6
Трансформеры,США,Фантастика,2007,12,137,8.3
Несокрушимый,Россия,Военные,2018,12,89,7.9
Логово,Великобритания,Ужасы,2022,18,96,6.0
Остров проклятых,США,Триллеры,2009,16,132,8.1
Суперагенты,Казахстан,Комедии,2022,16,75,7.2
Сестренка,Россия,Драмы,2019,6,94,8.7
Хранитель тайн,Испания,Триллеры,2022,18,108,6.9
Астронавт,США,Фантастика,2022,16,101,6.6
Астрал. Проклятие ведьм,США,Ужасы,2021,18,98,3.5
Экипаж,Россия,Катастрофы,2016,6,137,8.7
Любовники,Россия,Комедии,2022,18,98,7.4
Отпуск по обмену,США,Мелодрамы,2006,12,135,8.8
Рубеж,Россия,Фантастика,2018,12,95,7.7
Белый тигр,Россия,Военные,2012,16,104,7.1
Человек-Паук 2,США,Фантастика,2004,12,127,8.5
Любовь и прочие неприятности,США,Мелодрамы,2006,16,92,7.8
Девушка моих кошмаров,США,Мелодрамы,2007,16,110,7.2
Темная башня,США,Боевики,2017,16,90,7.4
Одни на каникулах,Нидерланды,Приключения,2022,6,84,8.1
Паранормальные явления. Дом призраков,США,Ужасы,2022,16,84,5.8
Клоун,США,Ужасы,2019,18,87,4.8
Стрела возмездия,Австралия,Боевики,2022,18,88,6.3
Не/смотря ни на что,Германия,Комедии,2017,16,106,8.6
Беспощадные киллеры,Италия,Драмы,2022,18,86,5.8
Парк Юрского периода 2: Затерянный мир,США,Фантастика,1997,12,128,7.8
Город порока,США,Криминал,2013,16,104,7.3
"Поймай меня, если сможешь",США,Драмы,2002,18,134,8.8
Нимфоманка: Часть 1 (на английском языке с русскими субтитрами),Дания,Драмы,2013,18,117,5.0
Чернобыль,Россия,Катастрофы,2021,12,135,7.6
Основатель,США,Биография,2016,16,110,8.4
Папы,Россия,Комедии,2022,6,107,8.4
"С любовью, Рози",Германия,Мелодрамы,2014,16,98,8.3
Красный призрак,Россия,Военные,2021,16,98,7.5
Люди в черном 2,США,Фантастика,2002,12,88,8.4
Голодные игры: И вспыхнет пламя,США,Фантастика,2013,16,146,8.2
Дикий мужчина,Дания,Комедии,2021,18,98,6.3
Любовь-морковь,Россия,Комедии,2007,18,104,7.9
Однажды в… Голливуде,США,Комедии,2019,18,154,7.3
Дедушка НЕлегкого поведения,США,Комедии,2020,6,97,7.8
Непосредственно Каха,Россия,Комедии,2020,16,108,6.9
Геракл,США,Приключения,2014,16,97,7.8
Мумия: Гробница Императора Драконов,США,Боевики,2008,12,112,7.8
Парк Юрского периода,США,Приключения,1993,16,126,8.2
Хэнкок,США,Фантастика,2008,16,92,8.3
Чудовище,США,Ужасы,2022,16,88,5.3
Солт,США,Боевики,2010,12,99,7.5
Друг невесты,США,Мелодрамы,2008,16,101,7.8
Омерзительная восьмерка,США,Вестерн,2015,18,160,8.2
По правилам и без,Франция,Комедии,2022,18,98,6.8
Охотники на ведьм,США,Фэнтези,2012,18,87,8.1
Невероятный Халк,США,Фантастика,2008,12,112,8.1
Трансформеры: Месть падших,США,Фантастика,2009,16,143,8.5
Больше чем любовь,Казахстан,Приключения,2023,16,83,7.2
Атлантида,Испания,Фантастика,2017,16,102,6.1
Во всё тяжкое,США,Комедии,2018,16,86,7.5
Приключения Паддингтона 2,Великобритания,Для детей,2017,6,99,8.8
Очень плохие мамочки,США,Комедии,2016,18,96,8.1
Красотка на всю голову,США,Комедии,2018,16,105,7.6
Родные,Россия,Комедии,2021,12,97,8.2
Артек. Большое путешествие,Россия,Комедии,2022,6,104,8.5
Идеальное ограбление,Италия,Криминал,2021,18,123,6.9
Операция «Ы» и другие приключения Шурика,СССР,Комедии,1965,6,90,8.6
Шпион по соседству,США,Боевики,2009,6,94,8.1
Смурфики 2,США,Для детей,2013,6,104,8.1
Голодные игры: Сойка-пересмешница. Часть II,США,Фантастика,2015,16,131,8.4
Немного о любви,Нидерланды,Мелодрамы,2021,18,105,7.2
Не слышу зла,Южная Корея,Триллеры,2021,16,103,7.2
Море соблазна,Великобритания,Триллеры,2019,16,101,7.1
Риддик,Канада,Фантастика,2013,16,118,7.8
Лев Яшин. Вратарь моей мечты,Россия,Биография,2019,6,115,8.5
Хочу замуж,Россия,Комедии,2022,16,105,7.6
Дети Уиндермира,Великобритания,Драмы,2020,12,75,8.3
Выбор,США,Драмы,2016,16,106,8.2
В тылу врага,Великобритания,Военные,2020,16,92,5.7
Звезда,Россия,Боевики,2002,16,93,7.8
Гемини,США,Боевики,2019,12,112,7.8
Люди в черном 3,США,Фантастика,2012,12,105,8.7
В эфире,США,Триллеры,2022,18,104,7.3
Тело,Испания,Триллеры,2012,16,111,7.8
Я плюю на ваши могилы,США,Ужасы,2010,16,107,7.3
Движение вверх,Россия,Спорт,2017,6,128,8.8
Девочка ищет отца,СССР,Драмы,1959,6,86,6.5
Шальная карта,США,Боевики,2014,16,88,7.2
Больше чем секс,США,Мелодрамы,2010,18,103,7.8
Приключения Паддингтона,Великобритания,Комедии,2014,6,91,8.5
Трансформеры: Эпоха истребления,США,Фантастика,2014,12,158,8.4
Зеленая миля,США,Драмы,1999,16,188,9.2
Бегущий по лезвию 2049,США,Фантастика,2017,18,156,7.5
Брат,Россия,Криминал,1997,18,95,8.8
Город тайн,Австралия,Детективы,2020,16,112,7.6
Мерзлая земля,США,Триллеры,2013,16,104,7.7
Каратэ-пацан,США,Драмы,2010,6,134,9.0
Клаустрофобы: Квест с того света,США,Ужасы,2022,18,105,6.2
Каникулы off-line 3 (на казахском языке с русскими субтитрами),Казахстан,Комедии,2023,6,85,6.7
Легенда №17,Россия,Спорт,2012,6,128,9.0
Либерея: Охотники за сокровищами,Россия,Приключения,2022,12,105,6.9
Дорога перемен,США,Драмы,2008,16,114,7.6
Иллюзия обмана 2,США,Боевики,2016,12,129,8.2
Голодные игры: Сойка-пересмешница. Часть I,США,Фантастика,2014,16,122,7.8
"Блондинка в законе 2: Красное, белое и блондинка",США,Комедии,2003,12,94,7.9
Джиперс Криперс: Возрожденный,США,Ужасы,2022,18,87,4.4
Трансформеры 3: Тёмная сторона Луны,США,Фантастика,2011,16,148,8.3
Мачо и ботан 2,США,Комедии,2014,16,107,7.9
Чего хотят мужчины,США,Комедии,2019,18,112,7.6
Авиатор,Германия,Драмы,2004,12,169,8.1
Выкрутасы,Россия,Мелодрамы,2010,12,96,8.4
Матильда,США,Для детей,1996,6,98,8.8
Иван Васильевич меняет профессию,СССР,Комедии,1973,12,91,8.7
Обезьяна против монстра,США,Фантастика,2021,16,88,1.8
Друг на продажу,Россия,Комедии,2021,16,101,7.6
9 рота,Россия,Военные,2005,16,133,8.5
Элвин и бурундуки: Грандиозное бурундуключение,США,Для детей,2015,6,88,8.4
СпимГоворим,Россия,Мелодрамы,2023,16,70,5.8
Этому быть!,Франция,Драмы,2021,16,91,8.3
Эскорт,США,Мелодрамы,2015,18,87,6.4
Бесконечность,США,Фантастика,2021,16,101,7.6
Doom,Великобритания,Боевики,2005,16,104,7.2
Ужастики,США,Фэнтези,2015,12,103,7.9
Va-банк,США,Триллеры,2013,16,87,7.8
Няньки,США,Комедии,1994,12,89,8.4
Три дня на побег,США,Боевики,2010,16,127,8.3
История Гражданской войны,Россия,Исторические,1921,12,94,6.6
Паразит,Испания,Драмы,2022,18,106,5.6
"Дивергент, глава 2: Инсургент",США,Фантастика,2015,12,114,8.0
Каспер. Легенда возвращается,США,Фэнтези,2022,6,90,6.9
Умная Маша,Россия,Комедии,2022,16,79,7.4
"Кавказская пленница, или Новые приключения Шурика",СССР,Комедии,1967,12,77,8.5
Кухня. Последняя битва,Россия,Комедии,2017,12,114,8.5
Иллюзия обмана,США,Детективы,2013,16,110,8.4
Спортлото-82,СССР,Советские,1982,16,89,8.3
"Чего ждать, когда ждешь ребенка",США,Драмы,2012,16,105,8.0
За гранью времени,США,Триллеры,2023,18,80,4.9
Дневник Бриджит Джонс,Великобритания,Комедии,2001,18,96,8.4
Бриллиантовая рука,СССР,Советские,1969,0,94,8.7
Пленница,США,Триллеры,2020,16,89,6.3
Темное наследие,США,Триллеры,2020,16,106,7.0
Ключ от всех дверей,США,Ужасы,2005,18,103,7.6
Келинжан (на казахском языке с русскими субтитрами),Казахстан,Комедии,2022,12,78,8.2
"Помогите, я уменьшил свою училку!",Германия,Комедии,2015,6,101,8.0
Мария. Спасти Москву,Россия,Драмы,2022,12,111,7.5
Миссия «Серенити»,США,Фантастика,2005,16,118,7.4
Поезд в Пусан,Южная Корея,Ужасы,2016,16,118,7.7
Доброе утро,США,Драмы,2010,16,102,8.2
Под покровом ночи,США,Триллеры,2016,18,116,6.5
Отпетые напарники,Китай,Боевики,2016,16,103,7.8
Конец света,США,Драмы,2021,18,105,3.9
Шаг вперед,США,Драмы,2006,12,103,8.3
Астрал: Потомство,Норвегия,Ужасы,2022,18,102,6.0
Римские расставания,Италия,Мелодрамы,2022,18,116,7.5
Стрелок,США,Боевики,2007,16,120,8.3
Агент Джонни Инглиш,Великобритания,Боевики,2003,12,87,7.8
Паркер,США,Боевики,2013,16,118,8.0
Sex Doll,Великобритания,Триллеры,2016,16,102,5.1
Мидуэй,США,Военные,2019,16,132,8.1
Мгла,США,Ужасы,2007,16,125,7.2
Жених напрокат,США,Комедии,2011,16,112,7.2
Любовь-морковь 3,Россия,Семейные,2011,12,93,6.8
Человек в железной маске,США,Приключения,1998,12,132,8.4
"Кто твоя бабушка, чувак?",Франция,Комедии,2019,18,94,7.5
В погоне за счастьем,США,Драмы,2006,12,117,8.7
Маленькие женщины,США,Драмы,2019,12,129,8.6
Пятое измерение,США,Фантастика,2009,12,111,7.2
Я плюю на ваши могилы 2,США,Ужасы,2013,16,105,6.9
Хакер,США,Триллеры,2016,16,107,7.5
Бандит,Канада,Криминал,2022,18,125,7.8
Самая обаятельная и привлекательная,СССР,Мелодрамы,1985,16,80,8.6
Парк Юрского периода 3,США,Фантастика,2001,12,92,8.0
Мушкетеры,США,Приключения,2011,16,110,7.5
Дрянные девчонки,США,Комедии,2004,18,92,7.8
Типа крутые легавые,Великобритания,Комедии,2007,16,120,7.6
Волк и лев,Франция,Приключения,2021,6,99,8.6
Орудия смерти: Город костей,Германия,Фэнтези,2013,12,124,7.4
Эффект колибри,Великобритания,Триллеры,2012,16,95,7.6
Булки,Россия,Комедии,2022,18,102,7.3
Zомбилэнд: Контрольный выстрел,США,Комедии,2019,18,95,7.7
Стрельцов,Россия,Спорт,2020,6,97,8.6
"Больше, чем друг",США,Комедии,2010,16,97,7.8
Американский пирог,США,Комедии,1999,16,96,8.3
Убежище,Россия,Триллеры,2022,16,87,6.7
Дракула: Настоящий живой вампир,США,Ужасы,2021,18,83,4.4
Стыд,Великобритания,Драмы,2011,18,96,4.9
Джентльмены удачи,СССР,Драмы,1971,6,83,8.8
Молчание ягнят,США,Триллеры,1990,18,118,8.6
Психопат,Франция,Триллеры,2022,18,103,5.6
Рядовой Чээрин,Россия,Военные,2020,12,95,7.3
Легенды Орлёнка,Россия,Фэнтези,2022,6,88,8.3
Джек Ричер,США,Боевики,2012,16,130,8.2
Страшные сказки,Италия,Ужасы,2015,16,128,6.5
Терминатор,Великобритания,Боевики,1984,16,107,8.7
"Дивергент, глава 3: За стеной",США,Фантастика,2016,12,120,7.9
Джонни и Клайд,США,Боевики,2023,18,99,3.7
Единичка,Россия,Военные,2015,12,104,8.0
Между небом и землей,США,Фэнтези,2005,12,90,8.6
Спасти рядового Райана,США,Драмы,1998,16,162,8.7
Драйв,США,Драмы,2011,16,96,7.1
Бумер,Россия,Драмы,2003,16,109,8.3
Несносные леди,США,Драмы,2016,16,113,7.8
Домашнее видео,США,Мелодрамы,2014,16,90,7.3
Мой парень из зоопарка,США,Комедии,2011,12,101,8.4
Ю-571,США,Боевики,2000,16,111,7.8
Месть пушистых,США,Комедии,2010,6,91,7.9
Лиза,Россия,Драмы,2023,16,90,7.5
Агент Джонни Инглиш: Перезагрузка,США,Комедии,2011,12,101,8.0
Любовь-морковь 2,Россия,Комедии,2008,16,94,8.3
Семь лет в Тибете,США,Драмы,1997,16,135,8.3
Брат 2,Россия,Криминал,2000,18,122,9.0
Элизиум: Рай не на Земле,США,Фантастика,2013,16,109,7.6
Скрюченный домишко,Великобритания,Детективы,2017,16,110,7.3
Как выжить без смартфона,США,Мелодрамы,2022,18,90,7.3
Легенды осени,США,Драмы,1994,16,133,8.6
Про любовь. Только для взрослых,Россия,Комедии,2017,16,108,7.3
Пила 8,Канада,Ужасы,2017,16,91,7.5
Большая свадьба,США,Драмы,2013,16,85,7.6
Семейка Аддамс,США,Комедии,1991,12,95,8.2
Грязные танцы,США,Драмы,1987,12,100,9.1
В гостях у Элис,США,Мелодрамы,2017,16,96,7.6
Эрин Брокович,США,Драмы,2000,16,131,8.7
Банды Нью-Йорка,США,Криминал,2002,18,166,8.3
Лед,Россия,Мелодрамы,2018,12,117,8.4
Дорогой Джон,США,Драмы,2010,12,107,7.5
Семь жизней,США,Драмы,2008,16,123,8.6
Пункт назначения: Аквапарк,Канада,Ужасы,2019,16,68,3.9
Апгрейд,Австралия,Триллеры,2018,16,96,7.6
Танки,Россия,Приключения,2018,12,89,7.7
Царь скорпионов,США,Фэнтези,2002,12,91,7.5
Остров на троих,США,Триллеры,2005,16,91,6.2
Бен-Гур,США,Боевики,2016,16,118,8.0
Темные тайны,США,Триллеры,2015,18,107,7.5
Птичка на проводе,США,Боевики,1990,16,110,8.1
Конан-варвар,США,Приключения,2011,16,107,7.0
Доспехи бога: В поисках сокровищ,Китай,Фэнтези,2017,12,102,7.6
Давайте потанцуем,США,Драмы,2004,12,101,8.6
Ночь принадлежит нам,Франция,Мелодрамы,2021,16,88,5.5
Черная смерть,Германия,Детективы,2010,18,97,6.7
Реквием по мечте,США,Драмы,2000,18,101,8.3
Дело Коллини,Германия,Триллеры,2019,16,117,8.6
Легенда о Коловрате,Россия,Исторические,2017,12,112,7.7
Солнцестояние,США,Ужасы,2019,16,146,4.8
Кухня в Париже,Россия,Комедии,2014,12,102,8.4
Свингеры,Россия,Комедии,2022,18,92,7.3
Молодость,Италия,Драмы,2015,16,118,5.9
Друг в океане,Австралия,Семейные,2022,12,102,7.8
Марафон желаний,Россия,Комедии,2020,16,89,7.2
Отзвуки прошлого,США,Вестерн,2023,16,94,6.9
Астерикс на Олимпийских играх,Франция,Комедии,2008,12,112,7.9
После нашей эры,США,Фантастика,2013,12,100,7.8
Что гложет Гилберта Грейпа?,США,Драмы,1993,12,112,7.9
Три икса: Мировое господство,Китай,Боевики,2017,16,102,7.8
Лед 2,Россия,Мелодрамы,2020,6,130,8.6
Обыкновенная страсть,Франция,Мелодрамы,2020,16,98,5.5
Дети шпионов 4,США,Фантастика,2011,6,85,8.0
Балканский рубеж,Россия,Боевики,2019,16,150,8.6
Tomb Raider: Лара Крофт,Великобритания,Приключения,2018,16,112,7.4
Опасная игра Слоун,Франция,Триллеры,2016,18,127,8.5
Другой мир,США,Фэнтези,2003,16,121,7.7
14+,Россия,Мелодрамы,2015,16,106,7.0
Салют-7,Россия,Приключения,2017,12,110,8.5
Игра Ганнибала,Канада,Триллеры,2018,16,95,7.2
Инферно,США,Боевики,2016,16,121,8.1
Туннель: Опасно для жизни,Норвегия,Триллеры,2019,16,99,7.4
Джунгли зовут! В поисках Марсупилами,Франция,Комедии,2012,12,99,8.2
Месть Гарри Брауна,Великобритания,Боевики,2009,18,101,6.6
Миа и белый лев,Франция,Приключения,2018,6,98,8.7
Невозможное,Испания,Драмы,2012,16,113,8.4
От кутюр,Франция,Драмы,2021,12,100,7.6
Мегаудав,США,Ужасы,2021,16,85,2.6
Облачный атлас,США,Фантастика,2012,18,164,7.9
Курорт,США,Ужасы,2021,16,75,3.5
Моральные ценности семейки Аддамс,США,Фэнтези,1993,12,89,8.2
Виола в бутсах,США,Комедии,2006,12,105,8.1
Другой мир 2: Эволюция,США,Фантастика,2005,16,106,7.6
Глубоководный горизонт,США,Катастрофы,2016,16,107,8.0
Белые росы,СССР,Советские,1984,12,83,8.6
Медвежатник,США,Триллеры,2001,16,118,7.9
Пляжная вечеринка,Нидерланды,Мелодрамы,2022,18,100,6.8
Игра на время,США,Боевики,2017,18,94,4.5
Операция «Алтын Адам»,Казахстан,Комедии,2022,12,76,7.6
Папа-досвидос,США,Комедии,2012,16,109,7.9
Крид 2,США,Спорт,2018,16,124,8.3
Весна на Заречной улице (цветная версия),СССР,Советские,1956,12,90,8.4
Самый пьяный округ в мире,США,Криминал,2012,18,110,8.2
После пробуждения,Италия,Мелодрамы,2021,18,98,7.0
Прощаться не будем,Россия,Военные,2018,6,115,7.2
Патрик,Великобритания,Комедии,2018,12,94,8.1
Великолепная семерка,США,Боевики,2016,16,132,8.3
Нефутбол,Россия,Комедии,2021,12,90,7.9
Эскобар,Испания,Биография,2017,16,105,7.4
Американский пирог 2,США,Комедии,2001,18,104,8.1
Дом с паранормальными явлениями,США,Комедии,2013,16,82,7.1
Заколдованная Элла,США,Семейные,2004,12,92,8.2
"Помогите, я уменьшил своих родителей!",Германия,Комедии,2018,6,98,8.0
"Карты, деньги, два ствола",Великобритания,Боевики,1998,16,106,8.4
Весури,Россия,Драмы,2019,12,84,7.3
Операция «Валькирия»,США,Триллеры,2008,16,120,8.1
Игра Эндера,США,Фантастика,2013,12,113,7.7
Нюрнберг. Свидетели,Россия,Документальные,2015,16,43,8.1
Девятка,США,Драмы,2020,16,88,6.7
Девушка в окне,Австралия,Ужасы,2022,18,84,5.5
О чем говорят мужчины. Продолжение,Россия,Комедии,2018,16,94,8.2
Лекарь: Ученик Авиценны,Германия,Драмы,2013,12,148,8.5
Убийца,США,Боевики,2015,16,116,7.7
Поезд в Пусан 2: Полуостров,Южная Корея,Ужасы,2020,16,115,7.0
Очень плохие мамочки 2,США,Комедии,2017,18,104,7.7
Тыгын Дархан,Россия,Драмы,2020,12,144,5.9
Быстрее пули,США,Боевики,2010,18,98,7.6
Академия вампиров,США,Фэнтези,2014,12,100,7.4
Игра в иллюзию,США,Триллеры,2022,18,83,5.7
Нормальный только я,Россия,Комедии,2021,12,98,8.1
Добро пожаловать в Zомбилэнд,США,Ужасы,2009,18,87,7.9
Волна,Норвегия,Катастрофы,2015,16,100,7.4
Терминатор 3: Восстание машин,США,Фантастика,2003,18,109,8.0
Звездный разум,Россия,Фантастика,2022,12,93,5.6
Шаг вперед 2: Улицы,США,Драмы,2008,12,93,8.4
Девять жизней,Франция,Фэнтези,2016,6,83,8.6
Экипаж,США,Триллеры,2012,18,132,8.0
Мой папа – вождь,Россия,Комедии,2022,6,93,7.3
Разговорник,Россия,спектакли,2020,16,82,7.9
В метре друг от друга,США,Драмы,2019,18,111,8.7
Мышиная охота,США,Комедии,1997,12,93,8.5
Исчезнувший,Великобритания,Триллеры,2021,16,91,6.8
Гордость и предубеждение и зомби,США,Ужасы,2015,16,107,7.6
Бун,США,Боевики,2022,18,95,5.9
Экстрасенс. Дело Софи,США,Ужасы,2022,18,123,6.1
Профессионал,США,Триллеры,2018,16,100,4.7
Завтрак у Тиффани,США,Драмы,1961,12,109,8.3
Загадочное убийство,Италия,Триллеры,2020,16,84,6.1
Горько!,Россия,Комедии,2013,16,100,7.8
Один день,США,Драмы,2011,16,101,8.2
Уцелевший,США,Боевики,2013,16,121,7.7
Бриджит Джонс: Грани разумного,Великобритания,Комедии,2004,18,105,8.2
Робо,Россия,Фантастика,2019,6,90,8.2
Три плюс два,СССР,Комедии,1963,12,95,8.4
Золото империи,Россия,Приключения,2021,12,84,5.1
Я худею,Россия,Комедии,2018,16,98,8.0
"Порнолоджи, или Милашка как ты",США,Комедии,2020,16,94,6.4
Девушка моего лучшего друга,США,Мелодрамы,2008,16,96,7.2
"Шпион, который меня кинул",США,Комедии,2018,16,112,7.2
Самый лучший день,Россия,Комедии,2015,16,102,7.9
План побега,США,Боевики,2013,16,110,8.1
Сбежавшая невеста,США,Мелодрамы,1999,16,116,7.9
БУМЕРАНГ,Россия,Комедии,2021,16,105,7.5
Добровольцы,СССР,Драмы,1958,0,91,7.8
Дело храбрых,США,Боевики,2017,16,128,8.6
Звездный путь,США,Фантастика,2009,16,121,8.3
1408,США,Ужасы,2007,16,100,7.8
Соучастник,США,Триллеры,2004,16,114,7.6
Афоня,СССР,Драмы,1975,0,87,8.4
Ты умеешь хранить секреты?,США,Комедии,2019,16,90,7.3
Дело 39,США,Ужасы,2009,16,104,7.5
Большая игра,США,Драмы,2017,16,140,8.3
Непрощенный,Россия,Драмы,2018,16,104,8.7
Изгой,США,Драмы,2000,12,137,8.7
Письма к Джульетте,США,Драмы,2010,12,105,8.2
Одержимость,США,Драмы,2004,16,110,7.3
Астрал 4: Последний ключ,Канада,Ужасы,2018,16,103,7.4
Диктатор,США,Комедии,2012,18,79,7.5
Монах и бес,Россия,Комедии,2016,12,113,7.7
Астерикс и Обеликс в Британии,Франция,Комедии,2012,6,105,7.5
Нимфоманка: Часть 2 (на английском языке с русскими субтитрами),Дания,Драмы,2013,18,123,5.3
Опасные пассажиры поезда 123,США,Триллеры,2009,16,105,7.8
Любовницы,Россия,Комедии,2019,18,97,7.3
Дети шпионов 2: Остров несбывшихся надежд,США,Комедии,2002,0,95,8.3
Стюарт Литтл,Германия,Фэнтези,1999,6,84,8.2
Крид: Наследие Рокки,США,Драмы,2015,16,133,8.5
Без срока давности. Эшелоны смерти,Россия,Документальные,2018,12,44,7.8
Адреналин: Высокое напряжение,США,Криминал,2009,18,91,6.4
Место под соснами,США,Триллеры,2012,16,134,7.5
Судьба человека,СССР,Военные,1959,12,101,9.0
"Помогите, я уменьшил своих друзей!",Германия,Фэнтези,2021,6,97,8.3
Горячий отпуск,Франция,Комедии,2022,16,104,4.6
Поменяться местами,США,Комедии,1983,16,111,8.3
Как я стал русским,Россия,Комедии,2019,16,94,8.0
Каникулы строгого режима,Россия,Комедии,2009,6,109,8.5
Ёлки 9,Россия,Комедии,2022,12,94,7.2
"Нюрнберг. Процесс, которого могло не быть",Россия,Документальные,2015,16,45,7.5
Охотники за привидениями,США,Фантастика,2016,12,116,7.7
Обратная связь,Россия,Комедии,2020,16,96,8.1
Новая эра Z,США,Ужасы,2016,16,106,6.8
Американский пирог 3: Свадьба,США,Комедии,2003,18,103,8.1
О любви,Россия,Мелодрамы,2017,16,94,6.8
Джентльмены,Великобритания,Криминал,2019,18,113,9.0
Вне/себя,США,Фантастика,2015,16,112,8.3
Эллиот и волшебный амулет,Канада,Приключения,2022,12,86,7.2
Адреналин,США,Боевики,2006,18,87,7.3
Летят журавли,СССР,Военные,1957,12,96,8.8
Благословите женщину,Россия,Мелодрамы,2003,12,114,8.7
Затерянный мир,США,Фантастика,2009,12,101,7.0
Дневники няни,США,Комедии,2007,16,100,8.0
Страшно красив,США,Фэнтези,2011,16,86,7.7
Не может быть!,СССР,Мелодрамы,1975,12,91,8.2
Лара Крофт: Расхитительница гробниц 2 – Колыбель жизни,США,Боевики,2003,12,111,7.6
Прогулка среди могил,США,Детективы,2014,16,109,7.6
Хижина в лесу,США,Ужасы,2012,16,91,6.2
Аферисты Дик и Джейн,США,Комедии,2005,16,90,8.0
Тоня против всех,Великобритания,Драмы,2017,18,114,7.5
Дом с паранормальными явлениями 2,США,Комедии,2014,18,82,7.1
Запятнанная репутация,США,Драмы,2003,16,105,7.0
"Печень, или История одного стартапа",Россия,Комедии,2019,16,90,6.8
Вне времени,США,Боевики,2003,16,105,7.7
Прабабушка легкого поведения,Россия,Комедии,2021,16,90,7.0
Морозко,СССР,Семейные,1965,0,78,8.5
Прибытие,США,Фантастика,2016,16,111,7.7
Одним меньше,США,Триллеры,2013,16,117,7.4
Измена,Россия,Драмы,2012,16,114,5.7
Возвращение с фронта,Россия,Военные,2022,12,75,6.0
Старикам тут не место,США,Триллеры,2007,16,116,7.3
Жизнь прекрасна,Италия,Драмы,1997,12,110,8.7
Убийства по открыткам,Великобритания,Детективы,2020,16,91,6.8
Громкая связь,Россия,Комедии,2019,18,82,7.9
Звонок,США,Ужасы,2002,16,110,7.3
Молодой человек,Россия,Комедии,2022,16,110,7.7
Донор,Казахстан,Мелодрамы,2022,16,112,8.4
Тень. Взять Гордея,Россия,Детективы,2022,16,86,6.8
Самый лучший друг,США,Драмы,2018,12,83,7.3
Бамблби,США,Фантастика,2018,6,109,8.2
Купи меня,Россия,Драмы,2018,16,106,6.4
Джек Райан: Теория хаоса,США,Боевики,2013,12,100,7.3
Нюрнберг. Чтобы помнили…Процесс глазами журналистов,Россия,Документальные,2015,16,44,9.2
"Красивый, плохой, злой",США,Триллеры,2019,16,109,7.9
Геракл: Начало легенды,США,Боевики,2014,12,94,7.1
Кто я,Германия,Триллеры,2014,16,101,8.3
5-я волна,США,Фантастика,2016,16,112,6.8
Форрест Гамп,США,Драмы,1994,16,136,9.1
Крутые меры,Великобритания,Боевики,2016,18,88,7.8
Братья Гримм,США,Фэнтези,2005,12,113,7.6
Месть от кутюр,Австралия,Драмы,2015,18,118,8.1
В джазе только девушки,США,Комедии,1959,18,120,9.1
Апокалипсис (на юкатекском языке с русскими субтитрами),США,Исторические,2006,16,132,8.2
Киллеры,США,Комедии,2010,16,100,7.7
Я иду искать,Россия,Драмы,2022,16,87,7.0
Проклятие Плачущей. Возвращение,Канада,Ужасы,2022,18,98,5.3
Очень страшное кино,США,Комедии,2000,18,88,7.3
Бык,Россия,Криминал,2019,16,99,7.2
Секреты секса и любви,Испания,Мелодрамы,2016,16,97,5.7
Заступник,США,Триллеры,2021,16,103,7.3
А вот и она,США,Мелодрамы,2014,12,89,7.8
Поступь хаоса,США,Фантастика,2021,16,108,6.9
Кровавый спорт,США,Боевики,1988,16,92,8.6
Солнцепек,Россия,Драмы,2021,18,132,8.6
Текст,Россия,Триллеры,2019,18,131,7.2
Поездка в Америку,США,Мелодрамы,1988,16,111,8.4
Золотые соседи,Россия,Мелодрамы,2022,16,80,6.2
Война миров,США,Фантастика,2005,16,110,8.0
Главная роль,Испания,Комедии,2021,16,114,6.8
Другие,Испания,Ужасы,2001,16,104,7.9
День сурка,США,Фэнтези,1993,16,96,8.8
Тренер Картер,США,Драмы,2005,12,130,8.7
Судья Дредд,Великобритания,Фантастика,2012,16,95,7.7
Охотники за привидениями,США,Фантастика,1984,6,105,8.3
Подарок с характером,Россия,Семейные,2014,6,84,8.5
О чем говорят мужчины,Россия,Комедии,2010,16,96,8.6
Сердцеедки,США,Мелодрамы,2001,16,123,8.0
Крестный отец. Эпилог: Смерть Майкла Корлеоне,США,Криминал,2020,16,152,8.4
Старски и Хатч,США,Комедии,2004,18,100,7.9
Землетрясение,Россия,Катастрофы,2016,16,100,8.5
Иван Бровкин на целине,СССР,Комедии,1959,6,90,7.9
Враг у ворот,США,Драмы,2000,16,124,7.2
Защитник,США,Драмы,2016,18,89,7.6
Любовь на острове,США,Мелодрамы,2006,16,86,6.3
Смертельная гонка,США,Боевики,2020,18,84,2.0
Трое,Россия,Драмы,2020,18,122,6.6
Особо опасна,США,Боевики,2015,16,96,7.1
"Твои, мои и наши",США,Фэнтези,2005,12,88,8.4
Безумная свадьба,Франция,Комедии,2014,16,96,8.3
2050,США,Фантастика,2018,16,106,4.5
Посланники ада,США,Ужасы,2022,16,82,4.6
Замерзшая из Майами,США,Комедии,2009,16,92,7.8
Марлоу,США,Детективы,2022,18,108,7.0
Без чувств,США,Комедии,1998,16,89,8.2
Апгрейд. Цифровой солдат,Китай,Боевики,2021,18,85,6.3
Уборщица,США,Ужасы,2018,16,86,5.0
Ловцы монстров,США,Комедии,2018,12,91,7.9
Крик 4,США,Ужасы,2011,18,106,6.9
Красавица и чудовище,Франция,Фэнтези,2014,12,113,7.9
Гагарин. Первый в космосе,Россия,Биография,2013,6,112,8.3
Пенелопа,США,Комедии,2006,12,99,8.3
Пила 2,США,Ужасы,2005,18,92,7.7
Из Парижа с любовью,Франция,Комедии,2009,16,92,8.0
Криминальный город 2,Южная Корея,Боевики,2022,16,105,7.9
Перевозчик: Наследие,Франция,Боевики,2015,16,96,7.4
Женщина в золотом,Великобритания,Драмы,2015,12,108,8.7
Шаг вперед 3D,США,Драмы,2010,12,102,8.4
Бронкская история,США,Криминал,1993,16,121,8.5
Воин,США,Драмы,2011,16,134,8.4
Обитель теней,Испания,Ужасы,2017,16,106,7.3
Агент Ева,США,Боевики,2020,18,92,7.0
Женюсь на первой встречной,США,Мелодрамы,2006,16,91,6.1
Глобальная катастрофа,Канада,Фантастика,2017,12,83,5.2
Нюрнберг. Казнь,Россия,Документальные,2015,16,44,7.3
Хотя бы в кино (на казахском языке с русскими субтитрами),Казахстан,Комедии,2022,16,97,8.0
Кейт и Лео,США,Фэнтези,2001,12,109,8.5
Девятые врата,Франция,Триллеры,1999,16,133,7.7
Париж подождет,США,Мелодрамы,2017,16,88,7.4
Одиноким предоставляется общежитие,СССР,Советские,1984,12,87,8.3
Хатико: Самый верный друг,США,Драмы,2009,0,89,9.0
Розовая пантера,США,Комедии,2006,6,93,8.1
Няньки,Россия,Комедии,2012,16,90,7.9
Паразиты,Южная Корея,Драмы,2019,16,131,7.5
Невероятные приключения итальянцев в России,СССР,Комедии,1974,12,102,8.5
Небесный тихоход (цветная версия),СССР,Советские,1946,6,80,8.4
Интердевочка,СССР,Драмы,1989,16,142,7.8
12 лет рабства,США,Драмы,2013,16,128,8.6
Помпеи,Канада,Катастрофы,2014,12,100,7.6
Бешеные псы,США,Триллеры,1992,18,98,7.8
Поворот не туда: Наследие,США,Ужасы,2021,16,105,6.8
Апачи-Джанкшен,США,Вестерн,2021,16,90,6.1
Чудо,США,Драмы,2017,12,113,8.9
Они,США,Ужасы,2019,16,88,6.9
Дюплекс,США,Комедии,2003,12,85,8.0
Гостья,США,Фантастика,2013,12,119,8.0
Жмурки,Россия,Комедии,2005,16,105,8.2
Смурфики,США,Фэнтези,2011,0,102,8.1
Анна,Франция,Боевики,2019,18,114,7.7
Последний клиент,Дания,Триллеры,2022,18,93,7.5
Особое мнение,США,Фантастика,2002,16,139,7.7
Первая любовь,США,Мелодрамы,2022,16,95,6.5
Яна+Янко,Россия,Комедии,2017,12,96,8.1
Целуя девушек,США,Триллеры,1997,18,110,7.8
Американский пирог: Все в сборе,США,Комедии,2012,18,112,7.9
Акула: Начало,Южная Корея,Боевики,2021,16,103,7.8
Возмездие. После Нюрнберга,Россия,Документальные,2016,12,44,8.1
Подельники,Россия,Драмы,2022,18,108,6.7
Законы привлекательности,Ирландия,Комедии,2004,12,86,8.1
Всё путем,США,Драмы,2009,16,94,8.6
Джобс: Империя соблазна,США,Драмы,2013,16,122,8.1
Завтрак у папы,Россия,Комедии,2016,12,91,8.1
Кровавая леди Батори,Россия,Триллеры,2015,16,106,6.1
Простая просьба,Канада,Триллеры,2018,16,112,7.5
Дело было в Пенькове,СССР,Драмы,1957,12,94,8.1
Белоснежка: Месть гномов,США,Комедии,2012,12,103,7.8
Счастливое число Слевина,Германия,Триллеры,2006,16,109,8.3
"Гангстер, коп и дьявол",Южная Корея,Боевики,2019,16,109,7.9
Опасный город,Италия,Триллеры,2021,18,116,7.4
Соблазн,Франция,Триллеры,2019,18,100,5.6
Только для взрослых,Казахстан,Комедии,2020,16,80,4.7
Если я останусь,США,Драмы,2014,16,106,8.1
Бабник,США,Драмы,2009,16,93,6.6
Ангелы Чарли,США,Боевики,2019,16,113,7.6
Казнь,Россия,Триллеры,2021,18,137,7.3
Офицеры,СССР,Советские,1971,0,94,8.9
Тихое место 2,США,Ужасы,2021,16,93,7.5
Последний рубеж,США,Боевики,2013,16,96,7.8
Он и Она,Франция,Комедии,2017,16,120,7.3
Почти мачо,Казахстан,Комедии,2022,12,85,7.8
Братья из Гримсби,Великобритания,Боевики,2016,18,83,7.0
Евротур,США,Комедии,2004,16,90,8.1
Рассвет Великой степи,Казахстан,Исторические,2022,16,137,7.4
Временные трудности,Россия,Драмы,2018,12,83,8.6
Однажды в Техасе,США,Криминал,2020,18,101,7.1
Сердце из стали,Китай,Фантастика,2017,16,104,6.9
Неспящие в Сиэтле,США,Драмы,1993,12,104,8.5
Кома,Россия,Фантастика,2019,16,111,6.8
Наркоз,США,Триллеры,2007,16,84,7.9
Тропический шторм,США,Ужасы,2022,16,85,6.7
Любовь случается,США,Драмы,2009,12,108,7.3
То самое лето,Франция,Драмы,2022,16,95,6.7
Извержение,Южная Корея,Боевики,2019,16,128,7.2
Игры разума,США,Драмы,2001,12,129,8.5
Сонная Лощина,США,Ужасы,1999,16,100,8.1
Пираньи 3D,США,Ужасы,2010,16,84,6.6
Верные друзья,СССР,Советские,1954,6,100,8.3
Ужас Амитивилля,США,Ужасы,2005,18,85,7.3
Куриоса,Франция,Мелодрамы,2019,16,104,5.4
Спайдервик: Хроники,США,Для детей,2008,12,91,8.4
Непристойное предложение,США,Драмы,1993,16,111,8.4
Турист,Россия,Боевики,2021,16,99,8.0
Интимные места,Россия,Драмы,2013,16,79,4.5
Календарь ма(й)я,Россия,Приключения,2022,6,88,8.2
Маршалл,США,Биография,2016,16,113,8.5
Кикбоксер,США,Боевики,1989,16,97,8.3
Шаг вперед: Все или ничего,США,Драмы,2014,12,107,8.2
Как Витька Чеснок вез Леху Штыря в дом инвалидов,Россия,Драмы,2017,16,89,6.8
Волшебники,Россия,Фэнтези,2022,12,95,7.1
Монстр-траки,Канада,Фантастика,2016,6,99,8.4
"Гудбай, Америка",Россия,Драмы,2020,12,101,8.1
Сопротивление,США,Биография,2020,16,116,8.3
Игрок,США,Триллеры,2014,18,106,7.6
Библиотекарь 2: Возвращение в Копи Царя Соломона,США,Приключения,2006,16,88,7.5
Солдат Иван Бровкин,СССР,Мюзикл,1955,0,87,7.8
Эта любовь,Россия,Комедии,2023,16,94,6.6
Французский поцелуй,Великобритания,Мелодрамы,1995,16,111,8.2
Руфус: Хроники волшебной страны,Франция,Фэнтези,2020,6,82,7.9
Крейсер,США,Боевики,2016,16,124,7.5
Ярды,США,Криминал,2000,16,112,6.7
Разрисованная вуаль,США,Драмы,2006,16,119,8.0
Эквилибриум,США,Фантастика,2002,16,97,8.2
Эспен в королевстве троллей,Норвегия,Фэнтези,2017,6,100,7.4
Охота на волка,Канада,Триллеры,2020,16,89,6.2
Живой,Россия,Драмы,2006,16,98,7.7
Над глубиной: Хроника выживания,Австралия,Ужасы,2017,18,76,5.9
Мистер Нокаут,Россия,Спорт,2022,12,117,8.6
Ведьма: Возрождение,Великобритания,Ужасы,2021,18,103,4.3
Профессионал,Великобритания,Боевики,2011,16,111,7.6
Портал,США,Ужасы,2019,16,75,4.5
Мужики!,СССР,Драмы,1982,6,92,8.7
Пес под прикрытием,США,Комедии,2020,6,83,7.9
Триггер боли,Канада,Боевики,2021,16,78,6.2
Марш-бросок,Россия,Боевики,2003,16,109,7.7
Горец,Великобритания,Фэнтези,1986,18,111,7.8
Никогда не сдавайся,США,Боевики,2008,16,113,8.3
Тепло наших тел,США,Ужасы,2013,16,93,8.4
Порочная страсть,США,Триллеры,2012,16,106,7.1
Ледокол,Россия,Катастрофы,2016,12,119,7.9
Шоколад,Великобритания,Драмы,2000,12,112,8.5
Призрачный гонщик 2,США,Фэнтези,2011,16,91,8.0
Кавалерия,США,Боевики,2018,16,124,7.4
Челюсти 3D (2D версия),США,Ужасы,2011,16,86,5.8
"Варвара-краса, длинная коса",СССР,Советские,1969,12,80,8.2
"Дом, в котором я живу",СССР,Драмы,1957,6,94,8.1
Лев,Великобритания,Драмы,2016,16,113,8.8
Невиновная,Южная Корея,Детективы,2020,16,106,7.7
Полночь в Париже,США,Приключения,2011,16,90,7.9
(НЕ)идеальный мужчина,Россия,Комедии,2020,12,87,7.2
Тупой и еще тупее 2,США,Комедии,2014,16,109,6.8
Семь психопатов,Великобритания,Комедии,2012,16,105,7.4
Саботаж,США,Боевики,2014,16,108,7.1
Секс и ничего лишнего,Канада,Комедии,2012,18,99,5.8
Любовь между строк,Германия,Мелодрамы,2019,18,117,7.3
Темные ангелы,США,Фэнтези,2016,12,91,6.2
Розовая пантера 2,США,Комедии,2009,6,91,8.3
Аллея кошмаров,США,Драмы,2021,18,144,7.5
Незавершенное дело,Испания,Детективы,2022,16,103,5.9
Лесси: Возвращение домой,Германия,Семейные,2020,6,92,8.6
Тот еще...!,Россия,Комедии,2012,12,83,8.0
Шаг вперед 4,США,Драмы,2012,12,94,8.3
Шахматист,Франция,Биография,2019,6,107,8.8
Техасская резня бензопилой 3D,США,Ужасы,2013,16,87,7.1
Неидеальные попутчики,Италия,Комедии,2022,16,73,6.2
Спеши любить,США,Мелодрамы,2002,12,102,8.2
Убийца 2. Против всех,США,Боевики,2018,16,117,7.5
Час расплаты,США,Фантастика,2003,12,113,7.9
Юный вождь Виннету,Германия,Приключения,2022,6,102,6.3
Притворись моим парнем,Франция,Мелодрамы,2012,16,88,7.5
Особенности национальной рыбалки,Россия,Комедии,1997,16,98,8.4
Нечто,США,Фантастика,2011,18,98,6.8
Пятница 13-е,США,Ужасы,2009,16,92,7.0
С любовью и яростью,Франция,Триллеры,2022,18,116,6.7
Братство,Россия,Военные,2019,16,112,7.3
Аманат,Россия,Мелодрамы,2022,12,119,8.4
"Я, Алекс Кросс",США,Боевики,2012,16,101,7.2
Двойной обман Мадлен Коллинз,Франция,Драмы,2021,16,102,5.8
Тайна Ладоги. Малютки,Россия,Документальные,2019,6,44,8.1
Пила 3,США,Ужасы,2006,18,108,7.7
Келин особого назначения,Казахстан,Комедии,2022,6,89,7.7
Очень страшное кино 3,США,Комедии,2003,16,83,7.5
Матч,Россия,Драмы,2012,12,117,7.4
Starперцы,США,Комедии,2013,16,100,8.2
Ив Сен-Лоран,Франция,Драмы,2014,18,101,7.0
Будьте моим мужем,СССР,Советские,1982,12,82,7.9
Стряпуха,СССР,Советские,1966,0,66,7.7
Поиск,США,Триллеры,2018,16,98,8.3
Страшные истории для рассказа в темноте,США,Ужасы,2019,16,103,7.1
Женитьба Бальзаминова,СССР,Советские,1964,6,84,8.1
Коридор бессмертия,Россия,Драмы,2019,12,139,7.7
Пятьдесят оттенков черного,США,Комедии,2016,16,93,5.6
Джохан,Казахстан,Комедии,2022,12,98,7.6
Книжный клуб,США,Комедии,2018,18,99,7.9
Мое прекрасное лето с Софи,Франция,Комедии,2019,18,88,5.7
Белорусский вокзал,СССР,Советские,1971,12,99,9.1
На острие,Россия,Драмы,2020,12,113,8.8
Беги без оглядки,Германия,Боевики,2006,18,121,7.5
Другое имя,Россия,Драмы,2022,16,97,3.8
Викинг,Россия,Исторические,2016,12,144,6.6
Приручить дракона,Норвегия,Фэнтези,2020,6,81,7.8
Чародейка,Дания,Фэнтези,2018,12,95,6.6
Ватиканские записи,США,Ужасы,2015,16,86,6.5
Основано на реальных событиях,Франция,Триллеры,2017,18,100,6.2
Вальдо,США,Детективы,2021,16,110,7.2
Истребители демонов,США,Ужасы,2020,16,86,4.7
О чем еще говорят мужчины,Россия,Комедии,2011,16,98,8.1
Астрал 3,США,Ужасы,2015,16,93,7.6
Кровь,США,Ужасы,2022,18,108,6.5
Роковая связь,США,Триллеры,2019,16,104,6.6
Решение о ликвидации,Россия,Боевики,2018,12,96,7.5
Тигриный хвост,США,Для детей,2014,6,77,7.9
Четвертый вид,США,Ужасы,2009,16,93,6.3
Вышка,Великобритания,Триллеры,2022,18,106,7.9
Любовь без размера,Россия,Комедии,2020,16,91,6.4
Сталинград. Мы еще живы или нет?,Россия,Документальные,2021,16,59,7.4
Дважды два,Россия,Мелодрамы,2021,16,82,6.6
Эспен в поисках золотого замка,Норвегия,Фэнтези,2019,6,97,7.4
Смерч,США,Катастрофы,1996,12,112,8.0
Бурлеск,США,Драмы,2010,18,118,8.7
Приговор,США,Драмы,2010,16,106,8.0
Поезд на Юму,США,Боевики,2007,16,117,8.1
Осень в Нью-Йорке,США,Драмы,2000,12,105,8.0
"С Новым годом, девчонки! (на русском языке с казахскими субтитрами)",Казахстан,Комедии,2022,16,77,7.4
Обыграть миллиардера,США,Комедии,2021,16,91,7.1
РЭД 2,США,Боевики,2013,12,111,8.0
Пятьдесят оттенков свободы,США,Мелодрамы,2018,18,105,7.8
Французская сюита,Великобритания,Драмы,2014,16,107,8.1
Секс-трип,США,Комедии,2016,16,80,5.8
Кровавая месть,Великобритания,Триллеры,2013,16,107,7.1
Артур и Мерлин: Рыцари Камелота,Великобритания,Приключения,2020,16,86,4.7
Спуск 2,Великобритания,Ужасы,2009,18,89,6.5
Амнезия,США,Боевики,2019,16,88,7.0
Ёлки-иголки,Россия,Комедии,2022,6,102,8.0
Экстрасенс,Великобритания,Драмы,2011,16,102,7.4
На выдохе,Россия,Драмы,2022,16,97,7.4
Вне зоны доступа,Россия,Мелодрамы,2021,6,92,7.7
Невидимый убийца,Южная Корея,Драмы,2022,16,107,8.2
Сирийская соната,Россия,Триллеры,2022,16,104,7.4
"Я, Франкенштейн",США,Приключения,2013,16,92,7.4
Бумер: Фильм второй,Россия,Драмы,2006,16,110,8.2
Невидимка,Великобритания,Триллеры,2018,16,97,7.0
Криминальный город,Южная Корея,Криминал,2017,18,116,8.0
За спичками,СССР,Советские,1980,16,93,8.2
Остров головорезов,США,Боевики,1995,0,119,7.6
Небесная команда,Россия,Драмы,2021,12,87,7.9
Джиперс Криперс,США,Ужасы,2001,16,91,6.7
Очень женские истории,Россия,Мелодрамы,2020,18,92,5.5
Внебрачные связи,Франция,Драмы,2021,16,102,5.5
Самая безумная свадьба,Франция,Комедии,2019,16,98,8.1
Чужой: Царство человека,США,Фантастика,2017,16,84,3.4
Эльдорадо. Затерянный рай,США,Приключения,2016,16,102,4.6
Оверлорд,США,Ужасы,2018,18,105,6.9
Сноуден,Великобритания,Триллеры,2016,16,132,8.2
Королевство кривых зеркал,СССР,Для детей,1963,0,74,8.4
Пираньи 3DD,США,Ужасы,2012,16,79,5.3
Очень страшное кино 2,США,Комедии,2001,16,82,7.5
Хижина,США,Фэнтези,2017,16,126,7.7
Необычайные приключения Адель,Франция,Приключения,2010,16,102,7.7
Крик,США,Триллеры,1996,18,102,7.6
Бомба первой любви,Дания,Мелодрамы,2015,16,83,7.3
Сезон измен,Ирландия,Мелодрамы,2018,18,99,6.2
Заложница 2,Франция,Боевики,2012,16,88,7.9
Дино Дана,Канада,Приключения,2020,6,76,7.3
Гнев,США,Боевики,2014,16,94,7.0
Жизнь прекрасна,США,Драмы,2011,18,99,7.6
Груз 200,Россия,Триллеры,2007,16,85,6.2
Волшебная страна,США,Драмы,2004,12,93,8.7
Мачеха,СССР,Драмы,1973,0,84,8.4
Робот Ари,Франция,Фантастика,2020,6,89,7.8
Идеальный стриптиз,США,Драмы,2014,16,103,5.7
Коко до Шанель,Франция,Биография,2009,16,110,8.3
"Базар жок, Мексика! (на казахском языке)",Казахстан,Комедии,2020,16,84,7.1
Семейный бюджет,Россия,Комедии,2021,12,107,7.4
Восточный ветер,Германия,Драмы,2013,12,105,8.6
LOVE,Россия,Комедии,2021,16,91,6.9
Молочная девочка,Казахстан,Мелодрамы,2023,16,93,6.5
Война,Россия,Боевики,2002,16,124,8.5
Родня,СССР,Драмы,1982,12,92,8.1
Проклятие мачехи,Великобритания,Ужасы,2021,16,68,3.5
Скандал,США,Драмы,2019,16,108,7.3
Карнавальная ночь,СССР,Мюзикл,1956,0,75,8.2
Похищение 101,США,Ужасы,2018,16,73,3.6
Детские игры,США,Ужасы,2019,16,86,6.9
Отрыв,Россия,Триллеры,2019,16,81,6.3
Лавстори,Россия,Мелодрамы,2022,16,90,5.6
Король воров,Великобритания,Криминал,2018,16,107,6.7
Евдокия,СССР,Драмы,1961,6,100,8.5
Метро,Россия,Триллеры,2012,16,126,8.2
Ночь в магазине ужастиков,США,Фэнтези,2022,12,81,6.8
Ёлки лохматые,Россия,Семейные,2014,6,82,8.0
Пристегните ремни,Италия,Мелодрамы,2014,16,110,7.0
Ты не ты,США,Драмы,2014,16,98,8.2
Осенний марафон,СССР,Драмы,1979,12,88,8.2
Аполлон 18,США,Ужасы,2011,16,82,6.1
Отец,Великобритания,Драмы,2020,16,96,7.3
Искатель воды,Австралия,Драмы,2014,16,106,8.2
Не дыши,США,Ужасы,2015,18,85,7.3
Полицейский из Беверли-Хиллз,США,Боевики,1984,16,100,8.4
Глаз,США,Ужасы,2008,16,96,7.6
Момент истины,США,Триллеры,2020,18,90,6.4
Тайное влечение,Австралия,Драмы,2013,16,106,6.9
Клаустрофобия,США,Ужасы,2017,16,86,5.6
Вики Кристина Барселона,Испания,Драмы,2008,12,92,7.1
Робокоп 2,США,Фантастика,1990,18,116,7.8
Отчим,США,Триллеры,2009,16,98,6.9
Афера Томаса Крауна,США,Триллеры,1999,16,113,8.6
Чемпионы: Быстрее. Выше. Сильнее,Россия,Спорт,2016,6,103,8.7
Возмездие,Великобритания,Триллеры,2010,16,116,7.7
Исходный код,США,Фантастика,2011,12,89,8.2
Парк ужасов,США,Ужасы,2012,16,84,4.9
Миллионер из трущоб,Великобритания,Драмы,2008,16,115,8.7
Белль и Себастьян: Друзья навек,Франция,Приключения,2017,6,91,8.2
Блондинка в эфире,США,Комедии,2014,16,90,7.7
Пила 4,США,Ужасы,2007,18,92,7.6
Маленькая Вера,СССР,Мелодрамы,1988,16,128,7.0
Дамы приглашают кавалеров,СССР,Советские,1981,12,71,7.5
Особенности национальной охоты,Россия,Комедии,1995,12,96,8.3
Околофутбола,Россия,Драмы,2013,16,92,8.1
Пять невест,Россия,Комедии,2011,16,107,8.3
Уиджи. Проклятие доски дьявола,США,Ужасы,2016,16,98,7.0
На всех парах!,Испания,Комедии,2021,12,84,6.0
Сестра в отрыве,США,Драмы,2017,18,102,5.4
Ганнибал: Восхождение,Великобритания,Триллеры,2007,16,116,7.9
Т-34 (на узбекском языке),Россия,Военные,2019,12,139,6.8
Темный мир: Равновесие,Россия,Фэнтези,2013,12,95,7.7
Пушки Акимбо,США,Комедии,2019,16,97,7.2
Еще один мальчишник,США,Комедии,2015,16,85,5.3
F20,Россия,Криминал,2022,18,88,6.7
Тайный Санта,Россия,Комедии,2022,12,80,7.7
"Не могу сказать ""прощай""",СССР,Драмы,1982,12,85,8.3
Матильда,Россия,Драмы,2017,16,108,7.2
Ромовый дневник,США,Комедии,2011,16,114,7.1
Сказка о царе Салтане,СССР,Советские,1967,6,81,8.1
Королевство драконов,Великобритания,Приключения,2018,16,85,4.8
Горько! 2,Россия,Комедии,2014,16,96,7.3
Зачинщики,США,Боевики,2016,16,90,7.4
К звездам,США,Драмы,2019,16,117,6.3
Нечто,США,Ужасы,1982,18,108,7.6
Иваново детство,СССР,Драмы,1962,16,91,8.4
Остерегайся озера,США,Триллеры,2017,16,83,4.3
Чужая Земля,Германия,Фантастика,2021,16,104,5.8
Дитя тьмы,Канада,Ужасы,2017,16,88,6.2
Как женить холостяка,США,Мелодрамы,2018,16,83,6.4
Ханна. Совершенное оружие,США,Боевики,2010,16,105,6.5
Робокоп,США,Фантастика,1987,16,102,8.6
Наша Russia: Яйца судьбы,Россия,Комедии,2010,12,82,7.2
Клаустрофобы: Квест в Москве,США,Ужасы,2020,16,91,6.8
Дуэлянт,Россия,Драмы,2016,16,110,8.4
Джейн Эйр,Великобритания,Драмы,2010,12,115,8.3
День радио,Россия,Комедии,2008,18,102,8.2
Компромат,Южная Корея,Триллеры,2022,18,92,6.5
15 убийств,США,Триллеры,2020,16,96,5.7
Взаперти,США,Триллеры,2022,18,89,6.5
"Гуляй, Вася! Свидание на Бали",Россия,Комедии,2021,18,109,7.0
Миссия: невыполнима 3,США,Боевики,2006,16,119,8.1
Время монстров,США,Фэнтези,2018,16,72,3.7
Супернянь 2,Франция,Комедии,2015,16,92,8.0
На грани безумия,Ирландия,Триллеры,2018,16,95,6.0
Рокки,США,Драмы,1976,16,119,8.5
Инопланетянин,США,Фантастика,1982,6,114,8.5
13,США,Триллеры,2009,16,95,6.9
Битва с киборгами,США,Фантастика,2018,16,90,6.3
Кубанские казаки,СССР,Комедии,1950,0,104,7.6
Уроки выживания,Россия,Для детей,2015,6,86,7.9
Напарник,Россия,Комедии,2017,12,92,7.9
Первобытный страх,США,Триллеры,1996,16,130,7.9
Запретная любовь,Великобритания,Драмы,2008,16,110,6.2
Кто там,США,Триллеры,2015,18,94,5.6
Кодекс киллера,США,Боевики,2021,18,108,7.5
Щенячья школа,США,Документальные,2018,6,77,8.9
Камелот: Возвращение короля,Франция,Фэнтези,2021,16,115,6.5
Повелитель бури,США,Военные,2008,16,125,7.3
Ловушка времени,США,Фантастика,2017,16,87,7.0
По половому признаку,США,Биография,2018,16,115,8.4
Мартовские иды,США,Драмы,2011,18,101,7.2
Книга духов,Италия,Драмы,2020,16,98,5.5
Игра на выживание,США,Триллеры,2012,16,91,7.2
Уцелевшая,США,Боевики,2015,16,96,7.0
Война динозавров,Южная Корея,Боевики,2007,16,89,6.3
Мордекай,Великобритания,Боевики,2015,16,106,7.8
Когда Гарри встретил Салли,США,Драмы,1989,16,95,8.1
Один вдох,Россия,Спорт,2020,12,100,8.4
Белое солнце пустыни,СССР,Боевики,1970,16,80,8.5
Вам и не снилось...,СССР,Драмы,1980,0,86,8.7
Агент под прикрытием,США,Боевики,2012,12,93,7.0
7 дней и ночей с Мэрилин,Великобритания,Драмы,2011,16,94,7.7
Не дыши: Начало,США,Триллеры,2022,18,93,4.1
Незваные,США,Ужасы,2008,16,83,7.5
Капитан,Германия,Драмы,2017,18,114,6.7
Миллиард,Россия,Комедии,2019,12,96,6.5
Дальний космос,США,Фантастика,2021,16,111,6.0
Время года зима,Россия,Драмы,2022,16,82,6.8
"Огонь, вода и ... медные трубы",СССР,Музыкальные,1967,0,80,8.0
Красота по-американски,США,Драмы,1999,18,116,7.8
Идеальная жена,Россия,Комедии,2021,16,77,4.5
День выборов,Россия,Комедии,2007,18,122,8.4
Брайан Бэнкс,США,Драмы,2018,16,95,8.8
СуперБобровы,Россия,Комедии,2016,12,95,7.6
Поп,Россия,Драмы,2009,16,123,8.4
От семьи не убежишь,Франция,Комедии,2018,16,105,7.6
Лемони Сникет: 33 несчастья,США,Фэнтези,2004,12,103,8.0
Неудержимый,США,Боевики,2012,16,91,7.1
Всё везде и сразу,США,Фантастика,2022,18,133,6.7
Маленькая мисс Дулиттл,Германия,Семейные,2018,6,99,8.0
Форсаж 9,США,Боевики,2021,12,142,7.6
Духless 2,Россия,Драмы,2015,16,107,8.0
Баламут,СССР,Драмы,1979,16,85,7.9
Проклятая,США,Ужасы,2022,16,114,5.3
Мирный воин,США,Драмы,2006,12,120,8.4
Непобедимый,Россия,Боевики,2007,16,101,7.0
Челюсти,США,Триллеры,1975,16,123,7.9
Комната желаний,Франция,Триллеры,2019,16,95,6.6
Уиджи: Доска Дьявола,США,Ужасы,2014,18,89,6.7
Рассказы,Россия,Драмы,2012,16,110,6.6
"Волшебное зеркало, или Двойные неприятности",Германия,Комедии,2019,6,88,7.8
Синяя бездна 2,Великобритания,Ужасы,2019,16,86,6.6
Окулус,США,Ужасы,2013,18,102,6.8
Русалка и дочь короля,Австралия,Фэнтези,2022,12,96,8.0
Мистериум. Журнал 64,Дания,Детективы,2018,16,113,8.1
Лена и львенок,США,Семейные,2021,6,90,8.1
Зона 414,Великобритания,Фантастика,2021,16,94,6.1
Пираты ХХ века,СССР,Боевики,1979,16,79,8.0
На море!,Россия,Комедии,2008,16,98,6.8
Охота на людей,США,Ужасы,2014,16,88,5.2
Берегись автомобиля,СССР,Советские,1966,12,88,8.6
Сказка о потерянном времени,СССР,Советские,1964,0,75,8.4
Дора и Затерянный город,США,Приключения,2019,6,98,8.3
Гараж,СССР,Советские,1979,12,95,8.6
Супер такса,США,Комедии,2015,6,92,7.9
Отчаянные дольщики,Россия,Комедии,2022,16,87,6.6
Пила 5,США,Ужасы,2008,18,92,7.6
Четыре свадьбы и одни похороны,Великобритания,Драмы,1994,18,117,7.8
Пила 6,Канада,Триллеры,2009,18,90,7.3
Широко шагая,США,Боевики,2004,12,86,7.6
Эмили,Великобритания,Биография,2022,18,129,7.8
Мой любимый динозавр,Австралия,Семейные,2017,6,93,7.5
Холодная гора,Великобритания,Драмы,2003,16,142,8.2
Небо измеряется милями,Россия,Биография,2019,12,90,8.3
Маленькая Италия,Канада,Мелодрамы,2018,16,100,7.6
Духless,Россия,Драмы,2011,16,105,7.5
Однажды 20 лет спустя,СССР,Комедии,1980,12,73,8.8
Выжить,США,Катастрофы,1992,16,120,7.7
Бабки,Россия,Комедии,2021,16,61,6.3
Последнее слово,США,Драмы,2017,16,107,8.2
Очень страшное кино 5,США,Комедии,2013,16,82,6.2
Открытое море: Монстр глубины,Австралия,Триллеры,2022,18,88,5.8
Мир Юрского периода 2,США,Фантастика,2018,16,128,8.0
Дождливый день в Нью-Йорке,США,Мелодрамы,2019,16,88,7.6
Всё могу,Великобритания,Комедии,2015,16,81,7.6
Библиотекарь 3: Проклятие иудовой чаши,США,Приключения,2008,16,86,7.5
Стрингер,США,Триллеры,2014,18,117,7.1
Кооперация 2: Интернэшнл,Южная Корея,Боевики,2022,18,128,8.1
Илон Маск: Настоящий железный человек,США,Документальные,2018,16,74,8.3
Рэкетир,Казахстан,Боевики,2007,16,80,7.5
Голый пистолет 2 1/2: Запах страха,США,Комедии,1991,0,81,7.9
Отчий дом,СССР,Драмы,1959,12,93,7.6
Шкатулка проклятия,США,Ужасы,2012,16,88,7.0
Дурак,Россия,Драмы,2014,18,115,7.5
Стикер,Россия,Триллеры,2022,16,117,6.3
Ип Ман 3,Китай,Боевики,2015,16,100,8.3
Белль и Себастьян: Новое поколение,Франция,Приключения,2022,16,96,8.6
Идеальные незнакомцы,Италия,Драмы,2016,18,92,7.8
Во власти стихии,США,Драмы,2018,16,92,7.7
Неуловимые мстители,СССР,Боевики,1967,12,73,8.1
Город глазами кота,Нидерланды,Документальные,2018,12,82,8.3
Короли льда,Канада,Спорт,2012,6,115,8.3
Ночной дозор,Россия,Ужасы,2004,16,114,7.8
Лес,Россия,Драмы,2018,16,100,6.1
Афера,США,Драмы,1973,12,129,8.5
Воспоминания Победы,Россия,Исторические,2021,12,64,9.3
Женщина в черном,Великобритания,Экранизации,2012,16,95,7.0
Где находится нофелет?,СССР,Советские,1988,12,77,8.3
Интуиция,США,Мелодрамы,2001,12,87,8.1
Орел Девятого легиона,США,Драмы,2010,12,109,7.6
Интим не предлагать,Россия,Мелодрамы,2016,12,89,7.7
Чемпионы,Россия,Спорт,2014,6,97,8.4
Налет Грейхаундов,США,Боевики,2019,16,80,3.3
Рога,США,Ужасы,2013,18,115,6.8
Любит не любит,Россия,Комедии,2014,16,80,7.7
Двойной удар,США,Боевики,1991,16,109,8.0
Мой парень – киллер,США,Комедии,2015,16,91,7.8
Темный мир,Россия,Фэнтези,2010,16,105,7.2
Отмель,США,Ужасы,2016,16,86,7.4
Слендермен,США,Ужасы,2018,16,89,5.7
Железная хватка,США,Драмы,2010,16,104,7.6
Враги,Россия,Военные,2007,16,78,5.6
Живая плоть,Испания,Драмы,1997,16,96,5.6
"Добро пожаловать, или Посторонним вход воспрещен",СССР,Для детей,1964,6,70,8.8
Любовь в большом городе,Россия,Комедии,2009,12,87,7.8
Омут,Россия,Триллеры,2022,18,99,5.3
Ганмен,США,Боевики,2015,16,110,7.4
Одноклассницы: Новый поворот,Россия,Комедии,2017,16,73,7.3
Не говори никому,Дания,Ужасы,2022,18,93,4.6
Особенности национальной охоты в зимний период,Россия,Комедии,2000,16,70,7.9
Знамение,США,Фантастика,2009,16,116,7.7
Это чертово сердце,Германия,Драмы,2017,16,101,8.6
Джиперс Криперс 3,США,Ужасы,2017,16,97,5.6
Вий,СССР,Советские,1967,12,73,7.8
Джикираг,Канада,Ужасы,2022,16,120,3.4
Клаустрофобы: Начало,Италия,Ужасы,2022,18,91,4.2
Прекрасное чудовище,США,Мелодрамы,2013,16,99,6.4
Женщины против мужчин: Крымские каникулы,Россия,Комедии,2018,16,75,6.3
Мошенники,США,Мелодрамы,2002,12,95,7.5
Помнить,Южная Корея,Драмы,2022,18,128,7.3
Мимино,СССР,Драмы,1978,6,91,8.8
Алтай. Путешествие к центру земли,Россия,Документальные,2016,12,60,8.0
Дельфин Берни 2,Канада,Семейные,2019,0,98,8.2
Прекрасная эпоха,Франция,Мелодрамы,2019,18,109,8.3
Кливлендские пленницы,США,Драмы,2015,16,83,7.7
Хоть раз в жизни,США,Драмы,2013,16,103,8.0
Правила виноделов,США,Драмы,1999,16,117,8.6
SuperАЛИБИ,Франция,Комедии,2017,18,84,7.7
Проклятие плачущей: Безвременье,США,Ужасы,2022,16,91,5.0
"Гуляй, Вася!",Россия,Комедии,2017,16,96,7.0
Спасти нельзя оставить,Россия,Приключения,2020,6,61,6.8
Виновный,Дания,Триллеры,2018,16,84,6.8
Скиф,Россия,Фэнтези,2018,16,100,7.1
Гений,Великобритания,Драмы,2016,16,104,7.9
Решала. Нулевые,Россия,Криминал,2019,16,87,7.6
Магия лунного света,США,Мелодрамы,2014,16,93,7.7
Предчувствие,США,Приключения,2007,16,96,7.5
Восточный ветер 2,Германия,Драмы,2015,12,108,8.5
Доказательство смерти,США,Боевики,2007,16,108,7.3
Миллионер на три дня,Великобритания,Комедии,2022,18,94,5.5
"Дом, который построил Джек",Дания,Триллеры,2018,16,151,5.8
Крик 3,США,Ужасы,2000,18,116,7.9
Сестры,Россия,Драмы,2001,16,83,8.3
По данным уголовного розыска...,СССР,Криминал,1979,12,69,7.4
Стэпфордские жены,США,Ужасы,2004,12,88,7.5
Мамы,Россия,Комедии,2012,12,101,8.7
Семья года,Россия,Комедии,2021,12,90,7.2
Семейное ограбление,Франция,Комедии,2017,16,90,7.5
Школьный вальс,СССР,Драмы,1977,16,90,7.8
Вторжение,Россия,Фантастика,2020,12,133,6.9
Такси: Гора сокровищ,Испания,Комедии,2019,16,89,4.1
Взвод,Великобритания,Драмы,1986,16,119,7.8
Пылающая равнина,США,Драмы,2008,16,102,7.0
Джой жаждет любви,США,Комедии,2018,18,82,6.6
Воспоминания из будущего,Южная Корея,Триллеры,2021,16,99,7.9
Хардкор,Россия,Боевики,2015,16,95,6.9
Если только,США,Мелодрамы,2004,12,91,7.3
Ловец снов,США,Ужасы,2020,18,85,4.8
Верю в любовь,США,Мелодрамы,2020,12,111,8.0
Сквозь снег,Южная Корея,Драмы,2013,16,125,6.4
Укради мою жену,США,Криминал,2013,16,98,6.8
Мистериум: Охотники на фазанов,Дания,Детективы,2014,18,114,7.8
Соломенные псы,США,Триллеры,2011,18,109,7.2
СуперБобровы. Народные мстители,Россия,Комедии,2018,12,89,7.4
Остров Гоцо,Великобритания,Драмы,2016,16,86,4.4
Белль и Себастьян,Франция,Приключения,2013,6,99,8.2
Одна в поле воин,США,Боевики,2020,16,87,5.9
Виселица,США,Триллеры,2017,16,97,6.9
Приключения Тедди,Норвегия,Для детей,2022,6,75,8.2
Еще по одной,Дания,Драмы,2020,18,111,7.8
Самый одинокий кит,США,Документальные,2021,12,96,8.1
Макс Стил,Великобритания,Фантастика,2016,16,88,6.9
Красавец и чудовище,Россия,Мелодрамы,2014,12,105,7.7
Дориан Грей,Великобритания,Фэнтези,2009,18,112,7.7
Italian Best Shorts 5: Жизнь как чудо,Италия,Короткометражки,2023,16,94,7.1
Мистериум. Тьма в бутылке,Дания,Детективы,2016,16,107,7.3
Жмот,Франция,Комедии,2016,16,86,7.2
Секс на две ночи,США,Мелодрамы,2014,18,86,6.8
Про Любовь,Россия,Комедии,2015,16,110,7.0
Должник,Казахстан,Комедии,2022,18,78,5.7
Не все дома,Франция,Комедии,2019,12,94,7.7
"Осторожно, дети!",Россия,Комедии,2020,6,84,7.5
Елки-палки!...,СССР,Комедии,1988,12,84,7.0
Все только начинается,США,Комедии,2017,16,89,6.7
Крик 2,США,Ужасы,1997,18,115,7.6
Бой с тенью,Россия,Боевики,2005,16,126,8.1
Убийство Кеннета Чемберлена,США,Триллеры,2020,16,80,7.5
Харли Дэвидсон и Ковбой Мальборо,США,Боевики,1991,16,98,8.2
Вечность между нами,США,Мелодрамы,2020,12,94,7.1
Темные воды,США,Триллеры,2019,16,121,8.4
Джеки Браун,США,Триллеры,1997,16,139,7.8
За гранью реальности,Россия,Приключения,2018,12,102,7.2
Мегрэ и таинственная девушка,Франция,Детективы,2022,16,88,7.0
Горы,Австралия,Документальные,2017,6,73,8.0
Вспомни всё,США,Фантастика,2017,16,107,7.0
Любовники,Франция,Мелодрамы,2020,16,103,6.0
Заклятье. Дом 32,Испания,Ужасы,2020,16,100,6.1
Разгневанная душа,Австралия,Триллеры,2022,16,83,4.5
Мультивселенная,Канада,Фантастика,2018,16,90,6.1
Пила: Спираль,США,Ужасы,2021,16,93,6.5
Вечера на хуторе близ Диканьки,СССР,Фэнтези,1961,0,66,8.4
Меч дракона,Китай,Боевики,2015,16,103,7.4
Разлом,Норвегия,Катастрофы,2018,16,103,6.9
Капоне. Лицо со шрамом,США,Криминал,2020,16,99,5.8
Всё или ничего,Россия,Комедии,2018,16,89,6.4
Затащи меня в Ад,США,Ужасы,2009,16,94,6.4
Хищник юрского периода,Великобритания,Ужасы,2018,16,82,4.4
Красавчик со стажем,Франция,Комедии,2019,16,90,7.5
Запрос в друзья,Германия,Ужасы,2015,16,88,6.2
Возвращение,Австралия,Ужасы,2015,16,90,7.4
Тайная жизнь,США,Драмы,2019,16,173,7.5
Избави нас от лукавого,США,Ужасы,2014,18,113,7.7
Скрижали судьбы,Ирландия,Драмы,2016,16,103,8.4
Сквозь горизонт,Великобритания,Ужасы,1997,18,91,6.7
Та еще парочка,США,Комедии,2019,16,119,7.7
Сахар,Австралия,Документальные,2014,12,102,8.8
Сабрина,США,Мелодрамы,1954,12,113,8.7
Скачок во времени,США,Фантастика,2017,16,84,5.1
Донбасс. Окраина,Россия,Военные,2019,12,92,7.6
Рэкетир 2,Казахстан,Боевики,2015,16,111,7.5
Принцесса Монако,Франция,Драмы,2014,12,98,7.9
Короче говоря,Австралия,Мелодрамы,2021,18,90,8.0
Техасская резня бензопилой: Кожаное лицо,США,Ужасы,2017,16,87,6.1
Диана: История любви,Великобритания,Драмы,2013,12,108,8.2
Без границ,Россия,Комедии,2015,12,92,8.2
Цель номер один,США,Триллеры,2012,16,152,7.0
Другая,США,Ужасы,2021,18,80,5.6
Коп на драйве,Франция,Комедии,2020,12,90,6.9
Маленькие волшебницы,Германия,Фэнтези,2019,6,92,8.1
Монгол,Россия,Боевики,2007,16,108,7.7
Чудо-детки: Непутевые волшебники,Германия,Фэнтези,2020,6,96,7.3
Каникулы off-line (на казахском языке),Казахстан,Комедии,2019,12,92,7.8
Приходите завтра (цветная версия),СССР,Советские,1962,6,92,8.1
Яга. Кошмар темного леса,Россия,Ужасы,2020,16,96,6.6
Шутки в сторону 2: Миссия в Майами,Франция,Комедии,2018,16,106,7.3
Притяжение,Россия,Фантастика,2017,12,117,7.8
Кутис,США,Ужасы,2014,16,87,6.0
Пила 3D,США,Ужасы,2010,18,90,7.8
Девятая,Россия,Триллеры,2019,16,94,7.1
Список Шиндлера,США,Драмы,1993,16,195,9.4
Рокки 4,США,Драмы,1985,16,91,8.3
Многоэтажка,Россия,Триллеры,2022,18,99,7.8
Приключения Реми,Франция,Приключения,2018,6,108,9.0
Страна хороших деточек,Россия,Для детей,2013,12,78,7.9
Проект «Итака»,Канада,Фантастика,2019,16,84,4.7
Ип Ман: Мастер кунг-фу,Китай,Боевики,2019,16,83,6.7
Начать с нуля!,Италия,Комедии,2020,16,93,7.2
Отчаянный ход,США,Драмы,2019,16,115,7.9
Воспоминания о будущем,Великобритания,Драмы,2014,18,124,8.2
Невезучие,Франция,Комедии,2003,12,83,8.1
Таксист,США,Триллеры,1976,18,113,7.0
Калина красная,СССР,Драмы,1974,12,106,8.6
День мертвецов: Злая кровь,США,Ужасы,2018,16,90,5.9
Женатый холостяк,СССР,Музыкальные,1982,0,83,8.0
Где моё кольцо? (с казахскими субтитрами),Казахстан,Комедии,2020,12,87,7.3
Бойся своих желаний,США,Ужасы,2017,16,86,6.9
Красотка в ударе,Россия,Комедии,2020,12,96,7.1
Сдается дом со всеми неудобствами,Россия,Комедии,2016,12,86,6.7
Остров везения,Россия,Комедии,2013,12,82,6.8
Цена ошибки,США,Триллеры,2021,16,98,6.9
Пабло Эскобар. Нарко-Атлетико,Россия,Документальные,2020,16,37,7.5
Бегущий человек,США,Боевики,1987,16,96,8.0
Последнее убийство,США,Боевики,2020,16,81,6.6
Гранит,Россия,Боевики,2021,16,101,7.9
Спасите Колю!,Россия,Комедии,2021,12,94,7.3
Рокки 3,США,Драмы,1982,16,99,8.5
Пуленепробиваемый монах,США,Комедии,2003,12,99,7.4
Подозрительные лица,США,Триллеры,1995,16,101,8.0
Затмение,Россия,Приключения,2016,12,78,7.1
Этот неловкий момент,США,Мелодрамы,2014,16,94,7.3
13-й район: Ультиматум,Франция,Боевики,2009,16,100,7.8
Девушки бывают разные,Россия,Комедии,2019,16,89,6.6
Полный расколбас,США,Для взрослых,2016,18,88,6.1
Женщины,СССР,Драмы,1965,0,98,8.2
Восьмерка,Россия,Боевики,2013,18,81,6.1
Пазманский дьявол,США,Спорт,2016,18,111,8.2
Падение Америки,США,Боевики,2016,16,94,5.5
Решала: Брат,Россия,Драмы,2022,18,89,6.8
Свадьба по обмену,Россия,Комедии,2011,16,89,7.2
Сердце чемпиона,США,Драмы,2018,6,89,7.8
Призраки Элоиз,США,Ужасы,2016,16,88,6.4
Тебе конец!,США,Триллеры,2013,16,90,7.1
Римские приключения,США,Мелодрамы,2012,16,111,7.1
Бой с тенью 3D: Последний раунд,Россия,Боевики,2011,16,121,8.4
Коробка,Россия,Драмы,2015,12,95,8.2
Игры разумов,Ирландия,Драмы,2018,16,119,8.4
Дурной глаз,Ирландия,Триллеры,2022,16,96,6.3
Расправь крылья,Франция,Приключения,2019,6,113,9.1
Белль и Себастьян: Приключения продолжаются,Франция,Приключения,2015,6,97,8.4
Английский пациент,США,Драмы,1996,16,154,8.2
Любовь не по размеру,Франция,Комедии,2016,16,94,7.9
Тень звезды,Россия,Драмы,2020,16,91,6.9
Одни дома,США,Комедии,2021,12,106,7.0
Тарас Бульба,Россия,Военные,2009,16,125,8.4
Семья,Россия,Комедии,2012,12,90,6.5
Три тополя на Плющихе  (цветная версия),СССР,Советские,1968,0,78,8.4
Женщины против мужчин,Россия,Комедии,2015,16,84,7.0
Медальон,США,Боевики,2012,16,91,7.1
Бесславные ублюдки,Германия,Боевики,2009,18,152,8.2
Жасмин,США,Драмы,2013,16,94,6.9
Золушка (цветная версия),СССР,Советские,1947,0,78,8.2
Счастье в конверте,Россия,Мелодрамы,2020,12,98,8.9
Дневник мамы первоклассника,Россия,Мелодрамы,2014,6,78,8.0
Четыре пера,США,Драмы,2002,16,125,8.3
Детектив Ди: Четыре Небесных царя,Китай,Фэнтези,2018,16,126,7.6
Доктор Лиза,Россия,Драмы,2020,16,119,9.1
Маргарита — королева Севера,Дания,Драмы,2021,16,120,7.7
Уховёртка,Великобритания,Драмы,2021,16,114,2.7
Точка,Россия,Драмы,2005,18,85,6.4
Бой с тенью 2: Реванш,Россия,Боевики,2007,16,130,7.9
Территория,Россия,Драмы,2014,16,151,7.4
Последний киногерой,США,Фэнтези,1993,12,130,8.3
Фальсификатор,Германия,Драмы,2022,16,115,7.1
7 часов на соблазнение,Италия,Комедии,2020,12,94,7.5
Гнев человеческий,США,Боевики,2021,18,113,8.4
Синяя бездна,Великобритания,Ужасы,2017,16,85,6.4
Время между нами,США,Мелодрамы,2022,12,84,7.9
В постели с незнакомцем,Великобритания,Триллеры,2022,18,86,6.4
Проклятие монахинь,США,Ужасы,2021,16,89,3.7
Жили-были,Россия,Драмы,2017,16,86,8.1
Амели,Франция,Мелодрамы,2001,16,121,8.2
Мне бы в небо,США,Драмы,2009,16,104,7.7
Старый Генри,США,Вестерн,2021,16,94,7.5
Охотник с Уолл-стрит,США,Драмы,2016,16,105,8.1
Агора,Испания,Приключения,2009,16,121,7.2
Варвары,Великобритания,Триллеры,2021,16,86,4.6
Стейк от кутюр,Франция,Комедии,2022,16,87,7.5
Михаил Зорин. Жизнь продолжается!,Россия,Документальные,2021,12,72,9.2
Операция «Хромит»,Южная Корея,Военные,2016,16,106,6.3
Время патриотов,Казахстан,Боевики,2022,12,100,7.7
Битва при Лонгтане,Австралия,Военные,2019,16,113,7.1
Где соприкасаются руки,Великобритания,Мелодрамы,2018,16,112,8.4
Медведи Камчатки. Начало жизни,Россия,Документальные,2018,0,52,8.6
Стеклянный замок,США,Драмы,2017,12,126,8.0
Замуж на 2 дня,Франция,Мелодрамы,2012,12,104,7.7
Три дня на убийство,Франция,Боевики,2014,16,116,7.8
Капитал в XXI веке,Франция,Документальные,2019,16,102,7.6
Пропавшая,США,Триллеры,2020,16,93,6.2
Версальский роман,Великобритания,Драмы,2014,16,111,7.5
Пипец,Великобритания,Комедии,2010,16,117,7.4
Весь этот мир,США,Драмы,2017,12,92,7.8
На глубине 6 футов,США,Драмы,2017,16,93,7.7
Любовь и дружба,Ирландия,Драмы,2016,12,89,6.4
Диего Марадона,Великобритания,Документальные,2019,16,124,8.2
Таксист,Южная Корея,Драмы,2017,16,137,8.6
Опасный метод,Великобритания,Драмы,2011,18,99,7.9
Форсаж: Хоббс и Шоу,США,Боевики,2019,16,135,7.9
Пальмы в снегу,Испания,Драмы,2015,16,156,8.4
Игра без правил,США,Триллеры,2010,16,103,7.0
Клипмейкеры,Россия,Комедии,2023,18,100,5.7
Миддлтон,США,Мелодрамы,2013,16,96,7.2
Цивилизация,Великобритания,Фантастика,2020,16,88,4.1
Таинственная комната,Италия,Триллеры,2021,16,82,5.1
Выпускной,Россия,Комедии,2014,16,92,7.1
Брат,Южная Корея,Драмы,2016,16,109,8.6
Коллекторша,США,Комедии,2019,16,94,6.8
Борьба с моей семьей,Великобритания,Спорт,2019,16,103,8.0
Не бойся темноты,США,Ужасы,2010,18,94,6.7
Одноклассницы,Россия,Комедии,2016,16,73,2.6
С любимыми не расставайтесь,СССР,Драмы,1979,12,72,7.5
Рождество кота Боба,Великобритания,Комедии,2020,12,88,8.4
Мейер Лански,США,Криминал,2021,16,119,7.9
Моя собака Робопес,США,Семейные,2014,12,90,6.9
Призрак дома Бриар,Канада,Ужасы,2015,18,91,6.2
"Куда ты пропала, Бернадетт?",США,Комедии,2019,16,104,7.9
Адмиралъ,Россия,Военные,2008,16,118,8.3
Дневной дозор,Россия,Фэнтези,2005,12,145,8.2
Восточный ветер 3: Наследие Оры,Германия,Приключения,2017,12,110,8.5
Зло,США,Ужасы,2018,16,87,6.2
Паранойя,США,Триллеры,2007,16,99,7.5
Милый друг,Великобритания,Драмы,2012,16,98,7.3
Защитники,Россия,Фантастика,2017,12,85,5.8
"Горький привкус любви, или Список фрау Шиндлер",Россия,Документальные,2021,12,52,8.8
Хоттабыч,Россия,Фантастика,2006,16,91,7.7
Челюсти 2,США,Ужасы,1978,16,116,7.6
Ронин,Великобритания,Боевики,1998,16,121,7.6
На линии огня,США,Катастрофы,2015,16,97,7.4
Шулера,США,Драмы,1998,16,115,7.5
Побег,США,Ужасы,2020,18,75,4.7
Частное пионерское 2,Россия,Для детей,2015,6,99,8.5
Уличные танцы,Великобритания,Мелодрамы,2010,12,98,7.8
Интервью с Богом,США,Драмы,2018,16,96,7.5
"Та, которой не было",Франция,Драмы,2019,16,101,7.5
Безумные преподы,Франция,Комедии,2013,12,84,7.1
Ледяной драйв,США,Боевики,2021,16,104,7.7
Все включено,Франция,Комедии,2019,16,89,6.4
Неадекватные люди 2,Россия,Мелодрамы,2020,16,118,7.9
Грешное тело,США,Приключения,2018,16,84,5.3
Как убили Джона Кеннеди,США,Документальные,2021,16,117,8.3
Ласточки Христовы,Россия,Документальные,2022,12,70,9.3
На игле,Великобритания,Драмы,1996,18,89,7.8
Теория хаоса,США,Комедии,2007,12,83,6.4
Ниндзя против пиратов,Нидерланды,Приключения,2022,16,92,6.6
Падение замка,США,Боевики,2021,16,89,6.3
Пиноккио,Италия,Семейные,2019,6,120,7.7
Шери,Великобритания,Драмы,2009,16,92,6.7
Робокоп 3,США,Фантастика,1992,12,104,7.8
Я ненавижу день Святого Валентина,США,Мелодрамы,2009,16,85,6.6
Курьер,СССР,Драмы,1986,16,87,8.3
В клетке,Великобритания,Ужасы,2021,16,77,3.9
"Да, боже, да",США,Комедии,2019,16,77,4.9
Можно только представить,США,Драмы,2018,12,105,8.4
Удивительная миссис Мэй,Великобритания,Драмы,2017,18,100,7.8
Земля. Перезагрузка,Китай,Фантастика,2021,12,92,5.6
Легок на помине,Россия,Комедии,2014,12,82,7.2
Необъяснимое,США,Триллеры,2017,16,105,7.1
Убрать из друзей,США,Ужасы,2014,16,78,6.0
Воспоминания об убийстве,Южная Корея,Триллеры,2003,16,130,6.8
8 первых свиданий,Россия,Комедии,2012,16,82,7.8
Итальянские каникулы,Италия,Комедии,2020,12,110,7.7
Великий,США,Драмы,2020,16,110,8.2
Обещание,Испания,Военные,2016,16,127,8.3
Дворецкий,США,Драмы,2013,12,131,8.2
Дюна,США,Фантастика,1984,12,136,7.2
Бармен,Россия,Комедии,2015,16,91,7.6
Ночной рейс,США,Триллеры,2005,16,81,7.5
Аэроплан,США,Комедии,1980,16,83,7.6
12 обезьян,США,Фантастика,1995,16,129,7.7
Мой ласковый и нежный зверь,СССР,Драмы,1978,12,103,8.0
Звоните Джейн,США,Драмы,2022,18,121,7.6
Эбигейл,Россия,Фэнтези,2019,6,106,6.4
"Частное пионерское 3. Привет, взрослая жизнь!",Россия,Приключения,2017,12,98,7.6
Одержимость,США,Драмы,2013,16,102,8.5
Побеждая время,США,Триллеры,2012,16,92,7.4
Клуб любителей книг и пирогов из картофельных очистков,Великобритания,Мелодрамы,2018,12,123,8.4
Родитель,Россия,Драмы,2022,18,115,7.6
5 галактик,США,Фантастика,2019,16,82,3.7
Хайди,США,Ужасы,2014,16,93,5.6
Ледяной капкан,США,Триллеры,2020,16,89,5.8
Узники страны призраков,США,Фантастика,2021,18,102,3.6
Мексиканец,США,Мелодрамы,2001,16,117,7.7
Ширли-мырли,Россия,Комедии,1995,16,135,8.2
Работа без авторства,Германия,Драмы,2018,16,189,8.5
Сквозь темное стекло,США,Триллеры,2020,16,103,6.5
Липучка,Германия,Криминал,2011,16,87,7.3
Форсаж,США,Боевики,2001,16,106,8.5
Решала,Россия,Драмы,2012,16,78,7.3
Бабушка,Испания,Ужасы,2021,16,99,4.8
Лев Яшин – №1,Россия,Документальные,2018,6,68,7.7
Водитель для Веры,Россия,Драмы,2004,16,110,8.1
Манолете,Испания,Драмы,2008,18,91,7.4
Питомец Юрского периода,США,Приключения,2019,6,81,7.5
Фарго,США,Триллеры,1995,16,98,7.2
Дом,Россия,Криминал,2011,16,127,7.5
Олигарх,Россия,Драмы,2002,16,128,7.5
Прыгучая братва,Франция,Приключения,2021,6,88,8.1
Тела,США,Ужасы,2016,16,98,5.3
Кислота,Россия,Драмы,2018,16,97,5.1
Нелюбовь,Россия,Драмы,2017,16,126,6.5
Тайна амулета,Россия,Фэнтези,2022,12,94,6.6
Шарада,США,Комедии,1963,16,113,8.0
Гладиатор,США,Боевики,2000,18,154,9.0
Скайлайн,США,Фантастика,2010,16,88,6.1
Легионер: Беги или умри,США,Боевики,2020,16,95,5.7
Открытое море: Новые жертвы,Австралия,Ужасы,2010,16,84,6.2
Мама: Возвращение из тьмы,Австралия,Ужасы,2020,16,81,4.0
Пустой дом,Южная Корея,Драмы,2004,16,84,8.8
Тупик,США,Боевики,2021,16,92,5.7
Мой друг робот,Германия,Приключения,2016,6,105,7.6
Демон внутри,Великобритания,Триллеры,2016,16,82,6.7
Дед Мороз. Битва Магов,Россия,Фэнтези,2017,6,116,8.2
Бомбардировка,Китай,Боевики,2018,16,126,6.2
Очень лысая поездка,Испания,Комедии,2022,16,102,7.2
Коммандо,США,Боевики,2022,16,92,6.2
Кладбище домашних животных,США,Ужасы,2019,18,96,6.2
Рокки Бальбоа,США,Драмы,2006,16,101,8.4
G. I. Joe. Бросок кобры: Снейк Айз,США,Боевики,2021,16,116,6.9
128 ударов сердца в минуту,Великобритания,Драмы,2015,18,92,8.3
Левиафан,Россия,Драмы,2014,16,141,7.4
Нефть,США,Драмы,2007,16,151,7.3
13-й район: Кирпичные особняки,Франция,Боевики,2013,16,86,7.5
Питер FM,Россия,Мелодрамы,2006,12,83,8.0
Иллюзия контроля,Великобритания,Триллеры,2021,16,94,7.5
Пусть говорят,США,Драмы,2020,18,108,5.7
Банда Чикаго,США,Боевики,2020,18,93,6.5
Видок: Охотник на призраков,Франция,Детективы,2018,16,115,7.4
День выборов 2,Россия,Комедии,2015,18,105,8.1
Уличный боец,США,Боевики,2009,16,92,6.1
Вторжение: Планета Земля,Великобритания,Фантастика,2019,16,93,3.8
Ограбление по-джентльменски,США,Боевики,2021,18,90,6.6
Райские холмы,Испания,Фантастика,2019,16,90,6.7
16-й,Россия,Комедии,2021,18,123,6.3
Мистериум: Эффект Марко,Дания,Детективы,2021,18,120,7.2
Залив тишины,Великобритания,Триллеры,2020,16,89,6.2
Али,США,Драмы,2001,16,156,8.1
Малышка на миллион,США,Драмы,2004,16,132,8.6
Усатый нянь,СССР,Для детей,1977,0,70,8.5
Женщина в черном 2: Ангел смерти,Великобритания,Ужасы,2015,16,94,6.1
Проклятый дом 3,США,Ужасы,2018,16,87,4.3
2pac: Легенда,США,Драмы,2017,16,133,8.5
О чем молчат девушки,Россия,Комедии,2013,12,81,6.9
Парень на праздники,США,Мелодрамы,2019,16,104,5.0
Афера столетия,США,Драмы,2020,16,76,4.6
Джейн берет ружье,США,Боевики,2016,16,94,7.2
Лимб,Канада,Ужасы,2013,16,93,6.8
Зеркала: Инкарнация,США,Ужасы,2020,18,86,5.6
Спирит,Нидерланды,Приключения,2022,6,85,5.9
Резня,Германия,Драмы,2011,16,79,7.2
Лавлэйс,США,Драмы,2013,16,88,6.2
Соседи сверху,Испания,Комедии,2020,18,81,6.4
Страховщик,Испания,Фантастика,2014,16,105,6.5
Жизнь впереди,Россия,Комедии,2017,16,85,6.1
Последние выжившие,США,Фантастика,2022,16,98,6.3
Проклятие пиковой дамы,Канада,Ужасы,2021,18,91,5.7
Четыре комнаты,США,Комедии,1995,16,93,8.1
Кон-Тики,Норвегия,Приключения,2012,12,109,7.9
Бункер,США,Триллеры,2022,18,107,7.1
Доктор по вызову,Италия,Комедии,2021,16,92,7.2
Дерзкое ограбление,Южная Корея,Криминал,2021,16,103,7.2
Город грехов,США,Боевики,2005,18,119,8.3
Заклятье: Спуск к Дьяволу,Ирландия,Ужасы,2022,16,90,6.1
Без тормозов,Франция,Боевики,2016,16,87,7.7
Кочегар,Россия,Драмы,2010,16,83,6.6
Неубиваемый,Канада,Боевики,2022,16,90,6.5
Молчание,США,Драмы,2016,16,154,7.0
Эксперимент «Офис»,США,Триллеры,2016,16,85,6.5
30 свиданий,Россия,Комедии,2015,16,88,7.8
Черное золото,Франция,Приключения,2011,16,124,7.8
Бронсон,Великобритания,Биография,2008,16,92,6.1
Любовь от всех болезней,Франция,Комедии,2014,16,103,7.8
Покорители волн,США,Драмы,2012,12,111,8.4
Голоса,Италия,Ужасы,2021,18,96,3.7
Крепость 2: Глаз снайпера,США,Боевики,2022,16,96,5.8
Волк,Нидерланды,Криминал,2013,16,122,6.4
Война под землей,Великобритания,Военные,2021,16,92,7.5
Святая Джуди,США,Биография,2018,16,105,7.7
В канун Рождества,США,Для детей,2014,12,86,7.6
Зачетный препод 2,Германия,Комедии,2015,16,110,7.9
Третий акт,США,Драмы,2012,16,109,8.2
Как прогулять школу с пользой,Франция,Драмы,2017,6,115,8.6
Антиматерия,Великобритания,Фантастика,2016,16,105,5.5
Кровь викингов,Дания,Боевики,2019,16,88,5.2
Я никогда не буду твоей,США,Мелодрамы,2007,16,96,6.8
Пташка,Канада,Триллеры,2019,16,84,4.6
От рассвета до заката,США,Триллеры,2022,18,100,6.0
Умник,Франция,Драмы,2018,16,97,8.4
Паранормальное явление 2,США,Ужасы,2010,16,83,7.0
Добро пожаловать в капкан,Великобритания,Боевики,2013,16,95,7.0
Мадам Парфюмер,Франция,Комедии,2019,12,101,7.8
Герой,Россия,Боевики,2019,12,115,6.9
Все деньги мира,США,Триллеры,2017,18,132,7.5
Джунгли,Россия,Мелодрамы,2012,6,80,7.3
Мама,СССР,Для детей,1976,0,83,8.2
Старая дева,Канада,Комедии,2019,16,89,6.6
Мизери,США,Триллеры,1990,16,107,7.9
Горечь и сладость,Южная Корея,Боевики,2005,18,114,6.7
Мадам,Франция,Комедии,2017,16,87,7.0
"Винчестер. Дом, который построили призраки",Австралия,Ужасы,2018,16,95,7.6
Страна призраков,Франция,Ужасы,2018,16,91,6.6
Наемник,США,Боевики,2017,16,111,7.5
2 дня,Россия,Комедии,2011,16,89,7.9
Любовь со взломом,США,Комедии,2018,16,78,6.4
Кукла 2: Брамс,США,Ужасы,2020,16,82,6.3
Малыш Кид,США,Вестерн,2019,16,99,6.4
Эта безумная любовь,Франция,Мелодрамы,2021,16,124,7.5
Зачетный препод 3,Германия,Комедии,2017,16,114,7.9
Любовь без пересадок,Франция,Мелодрамы,2013,16,93,7.6
Человек ноября,США,Боевики,2014,16,103,7.2
Закон доблести,США,Боевики,2012,16,104,6.7
Дружить по-русски!,Франция,Комедии,2019,16,97,7.9
Рокки 5,США,Драмы,1990,16,104,8.5
Ёлки 8,Россия,Комедии,2021,6,93,6.4
Рашн Юг,Россия,Комедии,2021,12,119,6.6
Удача Логана,США,Криминал,2017,16,113,7.7
Слова,США,Драмы,2012,12,102,7.3
Дом Z,США,Ужасы,2020,16,92,6.5
Запретная кухня,США,Семейные,2019,12,82,7.5
Бог грома,Норвегия,Фэнтези,2020,16,99,6.1
Пришелец из будущего,Франция,Фантастика,2022,16,101,5.6
"Не ходите, девки, замуж",СССР,Мюзикл,1985,0,65,7.6
"Анжелика, маркиза ангелов",Франция,Мелодрамы,2013,16,108,7.5
Берег реки,Канада,Детективы,2012,16,78,6.1
Трюк,США,Ужасы,2019,16,100,6.4
Побег,Россия,Триллеры,2005,16,117,8.2
Страшные истории для рассказа незнакомцам,США,Ужасы,2021,16,93,5.1
Молоко,Россия,Драмы,2021,16,118,6.8
Мозг. Вторая Вселенная,Россия,Документальные,2017,12,85,7.7
Убить босса,Россия,Комедии,2022,16,91,5.7
"Ну, здравствуй, Оксана Соколова!",Россия,Комедии,2018,16,95,7.5
Мажоры на каникулах,США,Комедии,2015,16,89,6.9
Монстр в лесу,США,Триллеры,2022,18,83,5.4
Точка возврата,Канада,Боевики,2018,16,96,5.8
Город банд,США,Драмы,2019,16,86,5.8
Пожары,Канада,Драмы,2010,16,125,8.2
Хорошо быть тихоней,США,Драмы,2012,18,98,7.9
Любовь без правил,Россия,Комедии,2016,16,90,6.2
Добро пожаловать в рай!,США,Боевики,2005,12,110,7.7
Талантливый мистер Рипли,США,Триллеры,1999,18,129,7.6
Сердце дракона,США,Фэнтези,1996,16,102,8.1
Голодные Z,Канада,Ужасы,2017,16,102,5.1
Опасное расследование,США,Драмы,2017,16,90,7.3
Тельма и Луиза,США,Драмы,1991,16,129,8.3
Разрушение Хиросимы и Нагасаки,США,Документальные,2007,18,82,9.4
Коммунальный детектив,Россия,Детективы,2014,12,88,7.0
Пиковая дама: Черный обряд,Россия,Ужасы,2015,16,89,6.8
Заклятье. Сдается комната,США,Триллеры,2019,16,81,4.3
Частное пионерское,Россия,Семейные,2013,6,100,8.4
Курьер,Великобритания,Боевики,2019,16,95,6.3
Дельфин Берни,Канада,Семейные,2018,6,87,8.0
Соседи по разводу,Россия,Комедии,2013,12,89,6.5
Махнемся телами,Франция,Комедии,2020,18,88,7.8
Странный Эл,США,Комедии,2022,18,107,6.9
Ледяная синева,Канада,Триллеры,2017,16,103,4.7
Декретный отрыв,Нидерланды,Комедии,2020,16,103,7.5
Невидимка Сью,Германия,Фэнтези,2018,6,95,7.5
Восточный ветер. Великий ураган,Германия,Приключения,2021,12,98,8.7
Она,США,Мелодрамы,2013,16,120,7.5
Волкодав,Россия,Боевики,2006,16,135,7.2
Кукушка,Россия,Драмы,2002,16,103,7.7
Не расставаясь с мечтой,США,Драмы,2019,16,110,6.6
Грязные игры,США,Триллеры,2012,16,116,7.0
Холодное лето пятьдесят третьего,СССР,Советские,1987,16,96,8.8
"Красивый, плохой, злой: Начало",США,Криминал,2021,16,95,6.7
Герда,Россия,Драмы,2021,18,116,4.7
10 минут спустя,США,Криминал,2019,16,95,6.1
Титан,Великобритания,Фантастика,2018,16,93,5.2
Полное превращение,Россия,Комедии,2015,16,83,7.1
Полтергейст,США,Ужасы,2015,12,89,6.8
Молодость,Россия,Драмы,2023,16,88,7.5
"Свой среди чужих, чужой среди своих",СССР,Советские,1974,16,92,8.7
История семьи Блум,Австралия,Драмы,2020,12,95,8.3
Королевское Рождество,США,Мелодрамы,2015,12,83,7.8
Великая красота,Италия,Драмы,2013,16,135,6.1
Королевский роман,Дания,Драмы,2012,16,132,7.7
"Высоцкий. Спасибо, что живой",Россия,Драмы,2011,16,126,8.5
Мастер меча,Южная Корея,Исторические,2020,16,100,8.0
За пропастью во ржи,США,Драмы,2017,16,104,7.8
Искусственный разум,США,Фантастика,2001,12,138,8.3
Нежность,Франция,Мелодрамы,2011,12,109,7.6
Мафия: Игра на выживание,Россия,Фантастика,2016,16,90,6.5
Нокаут,Ирландия,Боевики,2011,16,89,6.3
Телохранитель,США,Криминал,2010,16,102,6.9
Свингер,Дания,Мелодрамы,2016,16,99,5.1
Незнакомец,Канада,Драмы,2021,18,95,7.4
Лучший стрелок,США,Боевики,1986,12,104,8.0
Американец,США,Детективы,2010,16,100,7.0
Джуди,Великобритания,Биография,2019,16,113,7.8
Фото на память,Россия,Ужасы,2018,16,73,5.3
Заклятье. Наши дни,Великобритания,Триллеры,2016,16,85,6.6
Дитя человеческое,США,Фантастика,2006,16,109,7.0
Магия зверя,Франция,Триллеры,2019,18,112,6.2
Голем,Великобритания,Детективы,2016,16,104,7.0
Восточный ветер 4: Легенда о Воине,Германия,Приключения,2019,12,106,8.6
Три тысячи лет желаний,Австралия,Фэнтези,2022,18,103,7.7
Папа,Россия,Драмы,2004,12,94,8.4
На крючке!,Россия,Комедии,2011,16,89,7.7
Пленница любви,США,Детективы,2022,16,85,5.8
Озеро смерти,Норвегия,Ужасы,2019,16,95,4.8
Папа,Россия,Короткометражки,2019,16,20,7.2
Тринадцать камер,США,Триллеры,2015,16,89,4.9
Никто,США,Боевики,2021,18,91,8.0
Маленький гигант большого секса,Россия,Комедии,1992,16,81,5.9
Беовульф,США,Фэнтези,1999,16,93,6.1
Параграф 78: Фильм первый,Россия,Фантастика,2007,16,87,7.1
Парни не танцуют,Франция,Комедии,2022,16,97,7.9
Пила: Начало,Канада,Ужасы,2018,18,87,5.9
Последнее испытание,Россия,Драмы,2018,16,138,8.1
Карьера Димы Горина,СССР,Мелодрамы,1961,0,94,8.1
Комната,Ирландия,Драмы,2015,18,112,7.8
Сын Божий,США,Драмы,2014,12,132,8.1
Лето 84,Канада,Триллеры,2017,16,105,7.4
Братья Систерс,Франция,Вестерн,2018,16,116,7.2
Форсаж 7,США,Боевики,2015,12,137,8.9
Золотой ключик,СССР,Для детей,1939,0,76,7.3
13 грехов,США,Триллеры,2014,16,92,6.8
Лес самоубийц,США,Драмы,2015,16,110,7.5
Примадонна,Великобритания,Драмы,2016,16,106,8.1
Не лечи меня,Россия,Комедии,2021,16,88,7.4
Хранитель времени,Великобритания,Драмы,2011,12,120,8.1
День города,Россия,Комедии,2021,16,91,5.7
Любовь из пробирки,Россия,Мелодрамы,2013,12,100,7.4
Я и Ты,Франция,Мелодрамы,2017,16,112,7.5
Опасный бизнес,Австралия,Криминал,2018,16,106,7.2
Живет такой парень,СССР,Мелодрамы,1964,0,94,8.0
Ёлки,Россия,Комедии,2010,12,85,8.3
Асса,СССР,Драмы,1988,16,144,8.0
Омен: Перерождение,США,Ужасы,2019,18,88,6.6
Враг,Канада,Триллеры,2013,16,86,5.0
Спасти планету,США,Документальные,2020,6,89,8.1
Мой брат – супергерой!,Италия,Комедии,2019,12,102,8.4
Дежа вю,СССР,Советские,1989,12,103,8.1
Охота на монстра,Китай,Фэнтези,2015,12,112,7.7
"Тот, кто гасит свет",Россия,Детективы,2008,16,86,6.8
Тест,Испания,Комедии,2022,16,105,6.2
Морфий,Россия,Драмы,2008,16,107,7.2
Утраченные иллюзии,Франция,Драмы,2021,18,149,7.5
Ученик экзорциста,США,Ужасы,2021,16,83,5.8
Леди Макбет,Великобритания,Драмы,2016,16,85,5.8
Железный рыцарь 2,Великобритания,Исторические,2014,16,103,6.0
Отпуск летом,Россия,Мелодрамы,2014,12,90,7.6
Угнать и продать,Канада,Боевики,2020,16,87,6.6
Химера,Канада,Ужасы,2009,16,103,6.4
Погребальные байки,США,Ужасы,2019,18,110,6.3
Мне не больно,Россия,Драмы,2006,16,100,7.5
Хэллбендер,США,Ужасы,2021,18,82,4.7
Вампиры,США,Боевики,1998,16,102,6.8
Крепость,США,Боевики,2021,16,98,5.8
Мастер Z: Наследие Ип Мана,Китай,Боевики,2018,16,103,7.7
Филомена,Великобритания,Драмы,2013,18,97,8.1
Со дна вершины,Россия,Драмы,2018,12,111,8.6
Папина дочка,Франция,Комедии,2020,12,102,7.5
Бюро человечества,Канада,Фантастика,2017,16,94,5.7
Середина века,США,Триллеры,2022,18,104,5.3
Индийские каникулы,США,Комедии,2021,16,100,7.1
Пять недель,Россия,Комедии,2021,16,83,5.2
Принудительная изоляция,США,Ужасы,2021,16,89,4.5
Прекрасный день по соседству,США,Биография,2019,16,104,8.2
Предел риска,США,Триллеры,2011,16,102,6.8
Невеста,Россия,Ужасы,2017,16,91,5.5
Обитаемый остров,Россия,Фантастика,2008,12,116,7.0
Джигалоу,Россия,Комедии,2022,16,88,5.5
Смертельные иллюзии,Россия,Триллеры,2020,12,108,7.8
Ночной портье,США,Криминал,2020,16,90,6.5
Туча,Казахстан,Криминал,2020,16,68,6.5
Формула любви,СССР,Мелодрамы,1984,0,86,8.6
Вулкан страстей,Франция,Комедии,2013,16,88,7.3
Джиа,США,Драмы,1998,18,117,7.9
Небесный суд,Россия,Мелодрамы,2012,12,93,7.7
Экстремальная работа,Южная Корея,Комедии,2019,16,111,7.6
Благородный грабитель,Франция,Драмы,2013,16,116,5.6
Звонок мертвецу,Германия,Триллеры,2018,18,126,7.5
Три девятки,США,Криминал,2016,16,110,6.8
Темное зеркало,США,Ужасы,2018,16,99,5.7
На районе,Россия,Драмы,2018,16,91,5.9
Раскол короны,Испания,Исторические,2016,16,110,7.0
Хемингуэй и Геллхорн,США,Биография,2012,18,148,8.7
Ценный груз,Канада,Боевики,2016,16,86,6.6
Сектор 17,Великобритания,Боевики,2019,16,84,4.2
Чернобыльский футбол,Россия,Футбол,2020,12,36,8.8
Игра смерти,США,Ужасы,2017,16,70,4.0
Печки-лавочки,СССР,Комедии,1972,12,95,8.0
Планета страха,США,Комедии,2007,16,101,6.8
Первый король Рима,Италия,Исторические,2019,16,122,5.9
Парень с нашего кладбища,Россия,Комедии,2015,12,83,7.8
Холодная река,США,Ужасы,2022,16,94,4.4
Проклятие Горгоны,Великобритания,Ужасы,2020,16,87,4.1
Всегда,Южная Корея,Мелодрамы,2011,16,105,8.5
Бизнесмены,Казахстан,Криминал,2018,16,94,7.4
Плейбой под прикрытием,Франция,Боевики,2018,18,86,7.4
Гарри и Хендерсоны,США,Фэнтези,1987,12,110,8.6
"Быстрее, чем кролики",Россия,Комедии,2014,16,99,7.1
Уличные танцы 2,Великобритания,Мелодрамы,2012,12,84,7.5
Ты у меня одна,Россия,Мелодрамы,1993,16,95,7.1
Игра Престолов: Последний дозор,США,Документальные,2019,18,108,8.2
Предатель,Италия,Биография,2019,18,151,7.3
Путь воина,США,Фэнтези,2010,16,96,7.0
Город на границе,США,Триллеры,2007,16,107,7.3
Двойная игра,США,Триллеры,2018,16,107,7.3
БайБайМэн,США,Ужасы,2017,16,92,6.5
Хунны,Россия,Приключения,2021,16,88,4.0
Паранормальное явление 3,США,Ужасы,2011,16,76,6.7
Невыполнимое задание,Россия,Военные,2003,16,125,6.5
Битва,Россия,Драмы,2019,6,81,8.8
Я иду искать. Королевская игра,Великобритания,Ужасы,2022,16,94,5.8
Святой Винсент (На английском языке с русскими субтитрами),США,Комедии,2014,16,102,9.2
Нарко. Война за власть,США,Боевики,2019,18,94,6.3
Призраки войны,США,Ужасы,2020,16,90,6.7
"Петровка, 38",СССР,Криминал,1980,12,83,8.0
Принц,США,Боевики,2014,16,90,6.4
Ёлки 3,Россия,Семейные,2013,6,97,8.2
Петрополис,Россия,Драмы,2022,16,117,5.2
Земля 2245: Искатель рассвета,США,Фантастика,2018,16,82,3.6
Капкан,США,Ужасы,2019,18,83,6.9
Волчок,Россия,Артхаус,2008,16,85,6.7
Красотка на взводе,США,Боевики,2021,18,87,7.1
Снайпер: Безупречное убийство,США,Боевики,2017,18,89,6.6
Ограды,США,Драмы,2016,12,133,7.8
Последний стрим,США,Драмы,2020,16,110,7.7
Проклятый остров,Великобритания,Ужасы,2020,16,106,5.4
Жизнь задом наперед,Великобритания,Драмы,2007,18,88,7.9
100 вещей и ничего лишнего,Германия,Комедии,2018,18,106,8.0
Кококо,Россия,Драмы,2012,16,83,6.8
Чиновник,Россия,Комедии,2021,16,76,5.6
Томирис,Казахстан,Исторические,2019,16,155,8.1
В объятиях лжи,Ирландия,Триллеры,2018,16,94,7.0
Галопом по Европе,Испания,Комедии,2021,16,98,6.4
Измена,США,Мелодрамы,2021,16,91,6.6
Красавица для чудовища,Великобритания,Драмы,2017,18,115,7.5
Одной левой,Россия,Комедии,2015,16,79,7.3
"Город грехов 2: Женщина, ради которой стоит убивать",США,Триллеры,2014,16,98,7.8
"Прощай, детка, прощай",США,Триллеры,2007,16,108,7.4
Назад в будущее,США,Фантастика,1985,12,115,8.9
Решала 2,Россия,Драмы,2015,16,85,7.1
Госфорд парк,Великобритания,Детективы,2001,18,131,6.7
Золотая перчатка,Германия,Триллеры,2019,16,109,5.6
Таинственный сад,Великобритания,Фэнтези,2020,6,95,7.8
Преисподняя,Нидерланды,Триллеры,2016,16,142,7.6
Гретель и Гензель,Канада,Фэнтези,2020,16,83,5.5
Искусственный интеллект. Доступ неограничен,Ирландия,Триллеры,2016,16,92,6.8
Любите Куперов,США,Комедии,2015,16,102,7.6
Майор,Россия,Криминал,2013,16,99,7.1
Форсаж 6,США,Боевики,2013,12,129,8.6
Стиляги,Россия,Мюзикл,2008,16,136,8.3
Отцы и деды,СССР,Мелодрамы,1982,12,79,8.4
Закрытое море: Год акулы,Франция,Ужасы,2022,18,83,4.6
Похититель времени,Канада,Фэнтези,2021,6,113,6.6
"Любовь, любовь, любовь",США,Мелодрамы,2020,16,90,6.4
Ёлки 2,Россия,Комедии,2011,12,96,8.5
Шампанского!,Франция,Комедии,2022,18,90,6.8
Райский город,США,Боевики,2022,18,92,5.6
Незваный гость,Южная Корея,Триллеры,2020,16,102,6.9
Ведьмы из Сугаррамурди,Испания,Комедии,2013,16,109,6.2
Паранойя,США,Триллеры,2013,12,101,7.6
За гранью жизни,США,Боевики,2021,16,95,5.9
Собачья жизнь,США,Фэнтези,2017,6,99,9.1
Никто не выжил,США,Триллеры,2012,18,84,6.8
Неуловимые: Последний герой,Россия,Приключения,2015,16,72,7.0
Без башни,Россия,Короткометражки,2022,16,24,7.1
"Хороший, плохой, злой",Италия,Вестерн,1966,16,178,8.4
Чёрные воды,Канада,Боевики,2018,16,104,6.0
Шагни вперед,Франция,Мелодрамы,2022,18,117,7.3
Шимпанзе под прикрытием,Франция,Комедии,2021,12,81,6.7
Преступная деятельность,США,Триллеры,2015,16,93,6.6
Отроки во Вселенной,СССР,Фантастика,1974,6,79,8.2
Птицелов,Норвегия,Исторические,2019,16,100,7.0
Добро пожаловать в Рим. Новые приключения,Италия,Комедии,2021,16,108,6.6
100 дней на жизнь,США,Триллеры,2019,16,87,6.5
Все оттенки Токио,США,Триллеры,2020,16,93,5.5
Ёлки 5,Россия,Семейные,2016,6,84,7.8
Рождество с неудачниками,США,Комедии,2004,12,94,7.5
Парадокс времени,США,Фантастика,2021,16,75,4.1
Воспоминания убийцы,Южная Корея,Триллеры,2017,16,118,7.0
Лок,Великобритания,Драмы,2013,16,81,5.6
Край,Россия,Драмы,2010,16,118,7.7
Елена,Россия,Драмы,2011,16,108,6.5
Параграф 78: Фильм второй,Россия,Фантастика,2007,16,89,7.2
Районы,Казахстан,Криминал,2016,16,90,7.5
Галлоуз Хилл,США,Ужасы,2013,16,83,6.1
Вооруженное ограбление,Китай,Боевики,2022,16,72,6.4
Ледяная история,Россия,Фэнтези,2021,0,90,7.0
Заложники Марса,Великобритания,Фантастика,2021,16,99,4.8
Королева сердец,Дания,Драмы,2019,18,121,5.9
Маленькие секреты большой компании,Франция,Комедии,2019,16,134,7.9
Большая жратва,США,Комедии,2005,18,93,6.0
Стритрейсеры,Россия,Боевики,2008,16,108,7.2
Французский мастер,Россия,Драмы,2022,18,90,5.7
Опасный соблазн,Россия,Триллеры,2020,16,93,6.0
Капитан Фантастик,США,Драмы,2016,16,114,7.9
Толмен: Первый демон,Канада,Ужасы,2020,16,77,5.4
Вратарь Галактики,Россия,Фантастика,2020,6,118,7.4
Воин,Россия,Спорт,2015,12,87,7.8
Отвязные каникулы,США,Криминал,2012,16,93,5.3
Кошмар Юрского периода,США,Ужасы,2021,16,80,4.7
Незнакомец,США,Триллеры,2021,16,90,5.3
Ван Гог. На пороге вечности,Ирландия,Биография,2019,16,106,7.8
В ловушке,США,Триллеры,2021,16,89,5.9
Пятница,Россия,Комедии,2016,16,86,7.5
Курьер из рая,Россия,Комедии,2013,12,88,7.2
Доверенность,США,Триллеры,2013,16,121,5.6
Хэллфест,США,Ужасы,2018,16,85,6.4
Смешанные чувства,Россия,Комедии,2014,16,85,6.9
Любовь и Роман,Россия,Мелодрамы,2014,12,87,7.3
Обитаемый остров. Планета Саракш,Россия,Фантастика,2012,12,119,6.4
Адский ад,Австралия,Ужасы,2020,16,93,7.0
Отряд Таганок,Россия,Семейные,2020,6,89,7.9
Спутник,Россия,Фантастика,2020,16,113,6.9
Человек с бульвара Капуцинов,СССР,Мюзикл,1987,16,93,8.8
Очень духовные практики,США,Комедии,2021,18,90,5.8
Призрак монахини из Борли,Великобритания,Ужасы,2021,18,83,4.6
Трудный день,Южная Корея,Триллеры,2014,16,110,7.7
Третья волна зомби,Ирландия,Драмы,2018,16,91,5.8
Перегон,Россия,Драмы,2006,16,139,7.0
Дикая парочка,Ирландия,Драмы,2020,16,98,7.3
Тень,Китай,Боевики,2018,16,110,6.0
Проект: Время назад,США,Фантастика,2019,16,94,4.8
Лобстер,Ирландия,Драмы,2015,18,113,5.9
Отцы и дочери,США,Драмы,2015,16,111,7.8
Родина,Россия,Драмы,2015,16,119,6.8
Одноклассники.ру: Накликай удачу,Россия,Мелодрамы,2012,12,99,7.1
Чёрная пятница,США,Ужасы,2021,18,80,4.5
Боевой робот номер 4,Австралия,Боевики,2020,18,131,6.5
Календарь Дьявола,Франция,Ужасы,2021,16,104,6.5
Тролли: Чудесный дом,Нидерланды,Фэнтези,2016,6,89,7.3
Москва-Кассиопея,СССР,Фантастика,1974,6,79,8.2
Каникулы в конном лагере,США,Комедии,2020,12,79,4.8
Кровавая гора,США,Вестерн,2019,16,99,5.9
мама!,США,Триллеры,2017,18,116,5.5
Авантюристки,Италия,Комедии,2020,16,85,6.4
Инсайдеры,Южная Корея,Триллеры,2015,18,130,7.5
Архипелаг,Россия,Драмы,2021,12,103,7.3
Селфи,Россия,Триллеры,2018,16,109,6.4
Три мушкетера,Великобритания,Приключения,2023,16,98,3.5
Боец без правил,США,Драмы,2021,12,87,8.2
Я – женщина,Австралия,Биография,2019,16,116,7.8
Мертвые воды,США,Триллеры,2019,16,89,5.3
Первая ведьма,США,Ужасы,2019,16,91,6.4
Охота,США,Боевики,2020,18,89,6.5
Всё и сразу,Россия,Комедии,2014,16,91,7.1
Брюс Ли: Рождение дракона,Китай,Боевики,2016,16,91,7.7
Куб,Канада,Фантастика,1997,16,90,6.7
Легенда,Великобритания,Криминал,2015,18,131,8.0
Охотник за разумом. Схватка,США,Драмы,2021,18,100,7.1
Первый клон,Южная Корея,Боевики,2021,16,109,7.1
Прощай,Испания,Триллеры,2019,16,110,6.7
Тихоокеанский рубеж 2,Великобритания,Фантастика,2018,12,110,7.6
Мафия: Смертельная игра,США,Криминал,2021,18,92,4.4
Амундсен,Норвегия,Биография,2019,12,119,7.3
Пятнадцать минут войны,Франция,Триллеры,2019,16,98,7.4
Москва – Лопушки,Россия,Мелодрамы,2014,12,88,7.2
Восстание роботов,США,Боевики,2020,16,87,4.5
Выбивая долги,США,Боевики,2020,16,91,6.6
В погоне за ветром,Австралия,Спорт,2019,12,94,8.8
Скорость: Автобус 657,США,Боевики,2015,18,92,8.0
Мамы 3,Россия,Комедии,2014,12,88,7.6
Французский батя,Франция,Драмы,2020,12,101,7.5
Панчер,Россия,Драмы,2022,16,142,7.0
Приходи на меня посмотреть,Россия,Мелодрамы,2000,16,101,8.6
Мертвые 2: Индия,Великобритания,Ужасы,2013,16,93,5.3
Шугалей,Россия,Боевики,2020,16,101,7.3
Тобол,Россия,Исторические,2018,16,108,7.3
Доска Уиджи: Голоса,США,Ужасы,2020,16,96,4.7
Грабители во благо,США,Комедии,2021,16,86,7.0
Небеса подождут,Германия,Драмы,2020,16,97,8.0
Неуловимые,Россия,Приключения,2015,16,89,7.3
Навстречу шторму (Amediateka),Великобритания,Драмы,2009,18,94,9.0
Голограмма для короля,Великобритания,Комедии,2016,16,93,7.7
Тройной форсаж: Токийский дрифт,США,Боевики,2006,12,104,8.5
Проклятый дом 5,США,Ужасы,2021,18,77,3.9
Палата,США,Ужасы,2010,16,88,6.4
Доживем до понедельника,СССР,Мелодрамы,1968,0,100,8.6
Три семьи,Италия,Драмы,2021,16,115,7.0
Часы,США,Драмы,2002,18,106,6.9
Корпоративка,Великобритания,Ужасы,2006,16,95,5.8
Райская бухта,США,Триллеры,2021,16,103,5.8
Ростовские амазонки. Двухсерийные убийцы,Россия,Документальные,2020,16,45,7.3
Невероятное путешествие мистера Спивета,Франция,Драмы,2013,6,105,8.4
Гринч – похититель Рождества,США,Фэнтези,2000,6,104,8.1
Влюбленные,Франция,Мелодрамы,2012,18,100,5.7
Лохматый детектив,США,Семейные,2018,12,82,6.6
Удивительное путешествие доктора Дулиттла,США,Фэнтези,2020,12,101,8.5
Жена,Великобритания,Драмы,2017,16,100,7.6
Клуб миллиардеров,США,Криминал,2018,16,108,6.6
Избави нас от лукавого,Южная Корея,Криминал,2020,16,107,7.6
Орда,Россия,Исторические,2011,16,124,6.1
Дневник воспоминаний,Южная Корея,Мелодрамы,2021,16,96,6.8
Женщины в черном,США,Ужасы,2021,16,81,5.2
Привидение,США,Фэнтези,2018,18,93,7.6
Голос,США,Драмы,2014,12,102,8.5
Место встречи,Италия,Драмы,2017,16,105,7.7
"Там, где есть счастье для меня",Россия,Мелодрамы,2013,12,88,7.0
Проклятие матери: Прятки на выживание,Канада,Триллеры,2021,16,77,5.8
Училка,Россия,Драмы,2015,12,134,8.0
Месть волчицы,США,Ужасы,2020,18,91,4.8
Алиса: Волнение,Россия,Документальные,2020,16,53,7.8
Сценарий для Голливуда,Россия,Комедии,2022,16,63,6.9
Амайа. Дитя вампира,Испания,Фэнтези,2020,16,101,5.8
Вуду,Великобритания,Ужасы,2020,16,89,5.4
Экстремалы,Великобритания,Боевики,2002,12,93,7.3
Бетховен,США,Для детей,1992,6,86,8.7
Паранормальное явление: Ближайший родич,США,Ужасы,2021,18,94,5.5
Отчаянные аферистки,США,Комедии,2021,18,110,7.8
Изгоняющий дьявола: Инсомния,Австралия,Ужасы,2019,16,88,5.4
Поли,Франция,Для детей,2020,6,102,8.3
Мой друг мистер Персиваль,Австралия,Приключения,2019,6,99,8.7
Каникулы президента,Россия,Комедии,2018,16,94,6.4
Часовщик,Россия,Драмы,2012,16,87,5.9
Гороскоп на удачу,Россия,Комедии,2015,12,92,7.4
Один путь,США,Боевики,2022,18,96,5.9
Джим Пуговка и чертова дюжина,Германия,Фэнтези,2020,6,109,8.0
Другой,Ирландия,Ужасы,2019,16,86,5.5
Шкатулка Дьявола,Великобритания,Ужасы,2019,16,83,5.6
Четыре хороших дня,США,Драмы,2020,18,100,7.8
Операция «Колибри»,Канада,Триллеры,2018,16,106,7.2
Ад по соседству,США,Драмы,2019,16,86,5.7
Киллер,США,Триллеры,2018,16,112,6.4
Жги!,Россия,Драмы,2017,12,98,7.4
Черное и синее,США,Криминал,2019,18,103,7.7
Кошачьи миры Луиса Уэйна,Великобритания,Биография,2021,16,106,8.1
Собачья жизнь 2,США,Семейные,2019,12,108,9.3
Элитный отряд,Нидерланды,Триллеры,2020,18,140,5.5
Приключения экспоната,Россия,Приключения,2021,12,92,7.4
Дорога хаоса,США,Ужасы,2019,16,77,3.2
Рыцари справедливости,Дания,Комедии,2020,18,111,7.7
Доктор «Т» и его женщины,США,Драмы,2000,18,116,6.2
Прикончи меня,США,Ужасы,2017,16,83,4.9
Ярослав. Тысячу лет назад,Россия,Драмы,2010,16,103,7.3
Приворот. Черное венчание,Россия,Ужасы,2021,16,92,5.5
После тебя,Россия,Драмы,2016,16,115,7.6
Любовь с ограничениями,Россия,Комедии,2016,16,98,7.9
Обратный отсчет,Южная Корея,Триллеры,2021,16,94,7.5
Ага,Казахстан,Боевики,2021,16,85,7.1
Спящая красавица. Легенда двух королевств: Ледовое шоу,Россия,спектакли,2020,0,95,7.9
11-11-11,США,Ужасы,2011,16,92,5.4
Смертельное дельце,США,Триллеры,2021,16,90,5.7
Офелия,Великобритания,Драмы,2018,16,101,7.5
Овердрайв,Франция,Боевики,2017,16,89,7.4
Дикий пёс,США,Боевики,2017,18,94,6.3
Мясники,Канада,Ужасы,2020,18,92,5.2
Любовь и секс на Ибице,Нидерланды,Мелодрамы,2013,16,112,6.0
Ёлки Последние,Россия,Комедии,2018,6,92,8.1
Школа рока,США,Комедии,2003,12,104,8.8
Простые сложности,США,Драмы,2009,16,120,8.4
Географ глобус пропил,Россия,Драмы,2013,16,119,7.7
Гнездо,Великобритания,Драмы,2020,18,103,5.9
Игра,Россия,Драмы,2018,16,103,6.4
Поезд вне расписания,СССР,Советские,1986,12,75,7.5
Вооруженный ответ,США,Боевики,2017,16,93,5.2
Газетчик,США,Триллеры,2012,18,102,6.5
Супергерои,Италия,Мелодрамы,2021,16,121,8.0
Двойной форсаж,США,Боевики,2003,12,107,8.3
Команда мечты,Россия,Спорт,2019,6,81,7.7
Ловушка,Россия,Криминал,2021,16,84,6.1
Виртуоз,США,Боевики,2021,18,108,5.7
Оно приходит ночью,США,Ужасы,2017,16,87,4.7
Выжившая,Франция,Триллеры,2017,18,108,5.7
Путешествие Гектора в поисках счастья,Великобритания,Комедии,2014,16,114,8.0
Средь бела дня,США,Боевики,2011,16,89,6.9
Дедушка,Россия,Мелодрамы,2016,12,104,8.0
Чудаки,США,Документальные,2002,18,81,8.2
Небеса обетованные,СССР,Драмы,1991,16,117,8.3
После Янга,США,Фантастика,2021,16,95,5.5
Американский убийца,США,Боевики,2021,16,100,5.2
Не буди в ней зверя,Великобритания,Триллеры,2019,16,96,6.2
"Гори, гори ясно",США,Ужасы,2019,18,90,6.4
"Ромашка, кактус, маргаритка",Россия,Мелодрамы,2009,12,89,6.7
Пока идёт война,Испания,Исторические,2019,16,103,7.1
Тибра,Россия,Триллеры,2022,16,84,5.8
Венецияфрения,Испания,Ужасы,2021,16,99,6.0
Мой друг Дельфин Эхо,США,Приключения,2019,6,89,8.1
Вальгалла: Рагнарёк,Дания,Фэнтези,2019,12,100,5.8
Хакеры,США,Триллеры,1995,12,105,7.9
Любовный напиток №9,США,Комедии,1992,16,92,6.9
Легенда о пианисте,Италия,Драмы,1998,16,120,8.3
Безумная дорога,Австралия,Ужасы,2021,18,87,5.5
Восход,Австралия,Драмы,2014,12,102,6.7
Преступный квест,США,Боевики,2021,16,93,4.9
Марионетка,Нидерланды,Триллеры,2020,18,107,6.5
Русалка. Озеро мертвых,Россия,Ужасы,2018,16,83,5.5
Форсаж 4,США,Криминал,2009,16,106,8.8
Полночь на злаковом поле,США,Триллеры,2021,16,98,6.7
Грань времени,США,Фантастика,2016,16,99,5.2
